Player,Team,Pos,G,PTS,AST,TRB,STL,BLK,MVP_Score_Basic,MVP_Score_Advanced,MVP_Score_Position,MVP_Score_Team_Impact,MVP_Score_Composite
Luka Dončić,DAL,PG,70.0,2370.0,686.0,647.0,99.0,38.0,1228.3000000000002,52.059434024331416,1063.8000000000002,1323.1616666666669,99.66022353082161
Nikola Jokić,DEN,C,79.0,2085.0,708.0,976.0,108.0,68.0,1188.3999999999999,52.623655375281835,956.0499999999998,1275.534375,96.28822407791309
Giannis Antetokounmpo,MIL,PF,73.0,2222.0,476.0,841.0,87.0,79.0,1168.8000000000002,51.03487081653513,1010.85,1251.6060000000002,95.53058594762734
Shai Gilgeous-Alexander,OKC,PG,75.0,2254.0,465.0,415.0,150.0,67.0,1099.3,50.96036731494052,925.4,1172.9264285714285,91.01043402661989
Jalen Brunson,NYK,PG,77.0,2212.0,519.0,278.0,70.0,13.0,1052.5,47.74507105288656,907.3,1127.298125,86.91267447657646
Domantas Sabonis,SAC,C,82.0,1593.0,673.0,1120.0,74.0,48.0,1008.0,48.506824784498335,873.25,1074.916,84.86570439349084
Anthony Davis,LAL,C,76.0,1876.0,266.0,961.0,91.0,178.0,1022.7000000000002,46.78114832092284,881.0,1088.6185714285716,84.53502954886552
Anthony Edwards,MIN,SG,79.0,2049.0,405.0,430.0,101.0,42.0,1000.9000000000001,43.743967790317676,968.0000000000001,1068.2,83.51008932959266
Kevin Durant,PHO,PF,75.0,2032.0,378.0,495.0,69.0,91.0,1003.4000000000001,46.67875618150499,835.35,1072.30125,82.89928371729683
Jayson Tatum,BOS,PF,74.0,1987.0,364.0,601.0,75.0,43.0,999.6,46.46678216935714,844.95,1062.5107142857144,82.71473616853086
LeBron James,LAL,PF,71.0,1822.0,589.0,518.0,89.0,38.0,962.9000000000001,48.96642373812818,804.95,1022.8385714285715,81.98110114851676
DeMar DeRozan,CHI,SF,79.0,1897.0,421.0,340.0,90.0,45.0,924.5000000000001,46.15708304714967,834.15,982.4828571428573,79.30283882892093
De'Aaron Fox,SAC,PG,74.0,1966.0,418.0,340.0,150.0,31.0,956.1000000000001,44.4880748843979,809.1,1017.8260000000001,79.12185586405822
Devin Booker,PHO,PG,68.0,1841.0,472.0,308.0,61.0,28.0,901.3000000000001,48.08100276704255,780.7999999999998,959.99125,78.55544620330102
Stephen Curry,GSW,PG,74.0,1956.0,379.0,330.0,54.0,28.0,932.4,45.928861957841725,779.5999999999999,993.155625,78.48854508232782
Dejounte Murray,ATL,SG,78.0,1753.0,502.0,416.0,111.0,24.0,898.3000000000001,43.45261037893157,867.8000000000001,952.1492857142857,77.21844153366808
Tyrese Maxey,PHI,PG,70.0,1816.0,433.0,258.0,69.0,33.0,874.8000000000001,47.548746484803935,753.9999999999999,936.382105263158,76.73201095289178
Damian Lillard,MIL,PG,73.0,1775.0,508.0,320.0,72.0,18.0,884.6,46.00825552931378,776.7,938.986,76.51051640120359
Paolo Banchero,ORL,PF,80.0,1804.0,431.0,554.0,71.0,47.0,930.4000000000002,41.53206824863159,786.1999999999999,991.5120000000002,75.89190188945588
Pascal Siakam,2TM,PF,80.0,1737.0,342.0,565.0,63.0,25.0,885.0,45.0544390319596,751.9499999999999,947.947,75.6120064922105
Tyrese Haliburton,IND,PG,69.0,1389.0,752.0,271.0,83.0,48.0,773.3,50.39707218297322,757.6999999999999,813.3285714285714,74.21259644429335
Kawhi Leonard,LAC,SF,68.0,1613.0,244.0,416.0,111.0,59.0,794.2,46.05158030226626,719.0999999999999,838.2185714285715,71.74794536588479
Victor Wembanyama,SAS,C,71.0,1522.0,274.0,755.0,88.0,254.0,848.8,41.413569120509486,740.05,898.7407142857143,71.58133400671282
Paul George,LAC,PF,74.0,1671.0,262.0,388.0,113.0,37.0,813.4000000000001,44.068396990784166,673.8499999999998,859.3385714285715,70.48318441688059
Zion Williamson,NOP,PF,70.0,1601.0,352.0,406.0,77.0,47.0,804.4000000000002,44.74990010752757,669.6499999999999,849.0878571428574,70.44252876020717
Kyrie Irving,DAL,SG,58.0,1487.0,299.0,290.0,74.0,28.0,722.8,47.413343512959315,701.1999999999999,767.1116666666667,69.43131217008896
Jaylen Brown,BOS,SF,70.0,1610.0,249.0,387.0,83.0,37.0,783.1999999999999,42.19702357738208,706.85,824.4707142857142,68.72326133905489
Donovan Mitchell,CLE,SG,55.0,1463.0,333.0,280.0,101.0,30.0,720.9000000000001,46.13867895545315,703.0000000000001,755.3815384615385,68.47761939398123
Jalen Green,HOU,SG,82.0,1610.0,291.0,423.0,66.0,28.0,796.2,39.006844336676174,760.5,840.4892857142858,68.36836304335517
Mikal Bridges,BRK,SF,82.0,1606.0,299.0,372.0,81.0,30.0,787.7,40.4421506598376,711.4499999999998,832.9064285714286,67.98808041055142
Trae Young,ATL,PG,54.0,1389.0,583.0,149.0,72.0,11.0,710.3000000000001,46.60053676684401,673.1,745.3492857142858,67.78440512182218
Jarrett Allen,CLE,C,77.0,1271.0,210.0,811.0,53.0,81.0,726.0000000000001,45.37939995834138,645.4999999999999,760.9915384615385,67.1445055491066
Fred VanVleet,HOU,PG,73.0,1270.0,589.0,278.0,101.0,59.0,697.4,46.74221144799592,660.4,731.8092857142857,67.1143579263306
Coby White,CHI,PG,79.0,1509.0,405.0,358.0,53.0,18.0,763.3,42.31971113889662,657.5999999999999,805.1628571428571,67.09629223179043
Kyle Kuzma,WAS,PF,70.0,1553.0,296.0,464.0,37.0,49.0,781.8000000000001,40.70660415451144,660.5500000000001,832.1341176470589,67.03221326215008
Bam Adebayo,MIA,C,71.0,1367.0,278.0,737.0,81.0,66.0,764.5000000000001,42.19602720517547,648.05,809.7200000000001,66.93860151759623
Joel Embiid,PHI,C,39.0,1353.0,219.0,430.0,46.0,66.0,682.2,51.157091557862046,529.4499999999999,724.522105263158,66.82523705951093
Nikola Vučević,CHI,C,76.0,1370.0,254.0,801.0,50.0,60.0,770.0,40.61187000567876,665.75,812.5328571428572,66.49442287721602
James Harden,LAC,PG,72.0,1192.0,614.0,369.0,77.0,57.0,686.8000000000001,46.35525011024886,653.5000000000001,720.0785714285715,66.31833022457441
Collin Sexton,UTA,SG,78.0,1458.0,383.0,205.0,62.0,18.0,708.8000000000001,43.36729824540822,694.5,748.684375,66.25326899790423
Chet Holmgren,OKC,C,82.0,1357.0,200.0,648.0,53.0,190.0,736.7,42.89648484435581,636.1999999999999,774.0664285714286,65.92929658482687
Miles Bridges,CHO,SF,69.0,1449.0,231.0,505.0,65.0,33.0,736.6,40.92113679672694,667.4,786.3383333333334,65.50681751688047
D'Angelo Russell,LAL,PG,76.0,1369.0,482.0,236.0,69.0,36.0,701.7,44.18027053804112,637.6,735.5185714285715,65.30195538306259
Cade Cunningham,DET,PG,62.0,1405.0,464.0,268.0,56.0,22.0,716.2,42.42983153116268,641.7,762.1600000000001,65.07406617608737
Alperen Şengün,HOU,C,63.0,1331.0,312.0,589.0,76.0,46.0,724.8,43.79295290750996,585.3999999999999,761.9492857142857,65.0412558694513
Austin Reaves,LAL,SG,82.0,1300.0,450.0,352.0,66.0,25.0,689.5,43.70273716185966,660.9000000000001,722.0985714285714,64.9564037151932
Franz Wagner,ORL,SF,72.0,1421.0,269.0,381.0,76.0,28.0,708.8,41.676535561847984,641.55,747.752,64.22336665776925
Rudy Gobert,MIN,C,76.0,1061.0,102.0,982.0,52.0,162.0,662.6000000000001,43.565787750945596,662.25,696.0700000000002,63.85597852618688
Karl-Anthony Towns,MIN,PF,62.0,1349.0,189.0,515.0,43.0,41.0,688.8,43.53968329938248,597.9999999999999,724.89,63.69691744559517
Brandon Ingram,NOP,SF,64.0,1332.0,363.0,324.0,50.0,40.0,679.2,43.186540779212066,615.0999999999999,711.3678571428572,63.37155189994167
Jalen Williams,OKC,PF,71.0,1355.0,322.0,282.0,80.0,45.0,675.3,45.048491503381804,554.15,706.5264285714285,63.17706002260944
Scottie Barnes,TOR,SG,60.0,1191.0,363.0,494.0,75.0,88.0,664.0999999999999,43.04322634386124,622.1999999999999,707.4161904761904,62.99102297660101
Cam Thomas,BRK,SG,66.0,1482.0,192.0,214.0,45.0,16.0,680.1,40.111395752643716,663.2,714.5464285714286,62.49525109874343
Michael Porter Jr.,DEN,SF,81.0,1356.0,122.0,565.0,42.0,53.0,689.3,40.44098979922084,623.5999999999999,726.524375,62.34975635847247
CJ McCollum,NOP,PG,66.0,1322.0,305.0,286.0,62.0,41.0,657.3000000000002,44.29458197381076,557.5,687.2778571428573,62.06091198489465
Devin Vassell,SAS,SG,68.0,1323.0,277.0,261.0,73.0,23.0,646.4,42.71993118544577,627.6,676.1007142857143,62.001685355674255
Jamal Murray,DEN,PG,59.0,1250.0,384.0,242.0,57.0,39.0,634.8,45.409482398393706,562.4000000000001,666.5743749999999,61.9677201554735
Jimmy Butler,MIA,PF,60.0,1246.0,298.0,318.0,79.0,17.0,631.2,46.824199034980964,524.3499999999999,663.09,61.96290428889441
Jaren Jackson Jr.,MEM,C,66.0,1486.0,154.0,365.0,80.0,106.0,716.8,39.3755227466711,545.15,764.2905882352941,61.46131016998716
Lauri Markkanen,UTA,PF,55.0,1278.0,110.0,449.0,50.0,26.0,630.6,44.79903948734719,543.4999999999999,662.6643750000001,61.08327582435777
Bogdan Bogdanović,ATL,SG,79.0,1333.0,247.0,272.0,96.0,26.0,649.2,40.3324802181837,631.6000000000001,678.1392857142857,60.73802416084955
Myles Turner,IND,C,77.0,1313.0,100.0,533.0,39.0,144.0,670.1,41.0403425812704,562.75,699.8085714285714,60.69877627860939
Jordan Poole,WAS,SG,78.0,1356.0,343.0,212.0,86.0,25.0,664.5,37.93513572376216,651.9000000000001,703.1041176470588,60.420662035217426
Terry Rozier,2TM,SG,61.0,1205.0,342.0,247.0,63.0,21.0,608.1999999999999,43.417544635835895,589.8000000000001,643.467,60.29171795596036
Derrick White,BOS,SG,73.0,1107.0,377.0,310.0,74.0,87.0,596.3000000000001,44.8914635493898,572.7,618.8807142857144,60.20211535597658
Donte DiVincenzo,NYK,SG,81.0,1259.0,216.0,297.0,107.0,36.0,620.5000000000001,40.664036685399466,601.5000000000001,652.0981250000001,59.28276729436187
Tobias Harris,PHI,PF,70.0,1204.0,217.0,453.0,70.0,46.0,627.2,41.683568868294955,543.55,664.022105263158,59.144933540045464
Klay Thompson,GSW,SF,77.0,1375.0,176.0,254.0,50.0,35.0,644.5,39.38176268134646,578.2499999999999,676.465625,59.02024057295572
Immanuel Quickley,2TM,SG,68.0,1156.0,331.0,259.0,50.0,10.0,586.4,43.35518131089529,565.5,619.487,58.90792155325175
Deni Avdija,WAS,SF,75.0,1102.0,286.0,540.0,60.0,36.0,615.6,41.06123562382824,563.5,649.3141176470589,58.64468114143328
Dennis Schröder,2TM,PG,80.0,1122.0,488.0,242.0,63.0,17.0,602.8,40.95701426571312,564.0,637.5269999999999,58.10370433837202
Kristaps Porziņģis,BOS,C,57.0,1145.0,115.0,409.0,42.0,111.0,578.1,44.14317112281654,470.75,598.8607142857143,57.088498544560146
Brandon Miller,CHO,SF,74.0,1279.0,175.0,315.0,66.0,42.0,620.4000000000001,37.854998950987195,559.75,658.5183333333334,56.89682374639003
Jonas Valančiūnas,NOP,C,82.0,1002.0,173.0,721.0,32.0,68.0,589.6,40.73054205900438,538.75,612.8078571428572,56.80273567289902
Julius Randle,NYK,PF,46.0,1102.0,229.0,423.0,25.0,12.0,574.9000000000001,42.846306941587414,496.15,601.9381250000001,56.75342125635036
RJ Barrett,2TM,SG,58.0,1170.0,193.0,315.0,31.0,22.0,574.9000000000001,41.12590335122934,546.5000000000001,606.8370000000001,56.73877362302031
Keegan Murray,SAC,SF,77.0,1172.0,129.0,420.0,79.0,59.0,592.4,39.44422361701394,537.75,617.756,56.15098461193386
Malik Monk,SAC,SG,72.0,1110.0,370.0,212.0,45.0,39.0,568.8,40.51093935137537,552.1,591.7959999999999,56.102201721891966
Bobby Portis,MIL,PF,82.0,1130.0,104.0,607.0,68.0,34.0,604.4,38.05304259811824,548.6,630.766,56.00384001373462
Grayson Allen,PHO,SG,75.0,1014.0,227.0,295.0,69.0,45.0,521.4,45.106786602024954,498.8,542.1012499999999,55.97011205103014
Aaron Gordon,DEN,PF,73.0,1013.0,259.0,471.0,56.0,45.0,561.3000000000001,42.41200078246944,496.4,585.724375,55.923897906491234
Jaden Ivey,DET,SG,77.0,1185.0,296.0,264.0,57.0,41.0,595.8000000000001,37.037832642124656,575.1,629.72,55.665947214226854
Tyus Jones,WAS,PG,66.0,790.0,485.0,179.0,71.0,18.0,457.70000000000005,50.07256424272594,457.8,475.6241176470589,55.64541953807792
Jonathan Kuminga,GSW,PF,74.0,1188.0,163.0,355.0,55.0,36.0,587.9000000000001,39.794941281001485,498.24999999999994,614.205625,55.45509208114724
Josh Giddey,OKC,SG,80.0,986.0,386.0,514.0,51.0,44.0,583.9000000000001,38.83329429810157,537.6,605.9864285714286,55.398121376160375
Jusuf Nurkić,PHO,C,76.0,829.0,301.0,837.0,81.0,80.0,575.3000000000001,38.58011402657404,554.3499999999999,601.3912500000001,55.28287472994013
Mike Conley,MIN,PG,76.0,869.0,449.0,218.0,88.0,17.0,491.50000000000006,46.24578119448126,472.6,507.86000000000007,54.923938283412724
Jabari Smith Jr.,HOU,PF,76.0,1044.0,121.0,616.0,52.0,61.0,576.3000000000001,38.20785387023991,530.5,598.5992857142858,54.592385890701145
John Collins,UTA,PF,68.0,1027.0,77.0,575.0,40.0,61.0,551.3000000000001,39.99531937986701,505.29999999999995,575.434375,54.23933592441932
Jalen Duren,DET,C,61.0,841.0,147.0,709.0,33.0,47.0,515.6,42.81092091848671,486.49999999999994,541.5,54.204866058164605
Nic Claxton,BRK,C,71.0,841.0,147.0,706.0,46.0,146.0,526.2,41.51344152343472,510.84999999999997,545.2564285714286,54.19743912167778
Daniel Gafford,2TM,PF,74.0,814.0,115.0,562.0,65.0,153.0,482.8,45.653702670354384,459.49999999999994,505.527,54.073048067865095
Keldon Johnson,SAS,SF,69.0,1084.0,195.0,377.0,51.0,20.0,555.1,39.51364323949505,503.44999999999993,575.6707142857143,54.010906189105825
Desmond Bane,MEM,SG,42.0,997.0,230.0,185.0,43.0,22.0,488.3,44.21684243276753,474.1,512.9405882352942,53.727198801677595
Anfernee Simons,POR,SG,46.0,1039.0,255.0,167.0,23.0,5.0,502.8,42.47206247795242,488.40000000000003,526.2635294117647,53.49795451099023
Bradley Beal,PHO,SG,53.0,964.0,265.0,232.0,52.0,27.0,492.9,43.009891566691586,474.9,510.75124999999997,53.095650679824665
Darius Garland,CLE,PG,57.0,1028.0,373.0,152.0,74.0,7.0,524.3000000000001,40.8340161775881,480.9,539.1215384615385,53.08658374238865
Naz Reid,MIN,PF,81.0,1090.0,106.0,423.0,63.0,73.0,555.3999999999999,37.88725142944314,487.04999999999995,578.1499999999999,52.76641683471767
Jalen Johnson,ATL,SF,56.0,896.0,203.0,488.0,67.0,47.0,508.00000000000006,41.64995391293158,466.55,522.8192857142858,52.66740856503108
Clint Capela,ATL,C,73.0,836.0,91.0,776.0,43.0,106.0,522.7,38.56978023632122,518.3499999999999,538.9892857142858,52.387738600327076
Tre Jones,SAS,PG,77.0,771.0,478.0,289.0,78.0,9.0,470.50000000000006,43.65758126944163,460.09999999999997,482.6107142857143,52.24226842951299
Caris LeVert,CLE,SG,68.0,952.0,346.0,280.0,76.0,34.0,517.0,39.220518031788124,496.59999999999997,531.0915384615384,52.11337199817709
Jerami Grant,POR,PF,54.0,1132.0,152.0,191.0,45.0,34.0,529.3,40.15734893139884,429.3,555.4135294117647,52.06996722876558
Deandre Ayton,POR,C,55.0,920.0,90.0,609.0,56.0,42.0,517.6,39.80208171332597,465.45,542.5435294117648,52.060596559416446
Brook Lopez,MIL,C,79.0,990.0,127.0,409.0,43.0,189.0,526.4,39.69898820954097,452.74999999999994,544.966,52.01038023780325
Jrue Holiday,BOS,PG,69.0,860.0,333.0,373.0,61.0,53.0,496.6000000000001,41.976152952163545,439.9000000000001,509.21071428571435,51.88127225201155
Buddy Hield,2TM,SF,84.0,1013.0,236.0,269.0,70.0,42.0,517.4000000000001,39.146622842848124,470.24999999999994,543.5870000000001,51.76687925849188
Tim Hardaway Jr.,DAL,SF,79.0,1139.0,139.0,254.0,42.0,6.0,539.0000000000001,37.27105483579315,484.15000000000003,564.9316666666668,51.74376548681705
Corey Kispert,WAS,SF,80.0,1070.0,156.0,225.0,41.0,16.0,509.90000000000003,39.9476657980369,458.45,533.0441176470589,51.68736907954425
Ivica Zubac,LAC,C,68.0,794.0,93.0,626.0,22.0,83.0,471.90000000000003,42.27740469642354,448.75,483.68857142857144,51.247420591858884
Josh Hart,NYK,SF,81.0,761.0,331.0,675.0,75.0,23.0,515.4,37.73648809182542,481.09999999999997,536.488125,50.96822222231189
Pascal Siakam,IND,PF,41.0,872.0,152.0,319.0,31.0,15.0,447.6,45.29707413759358,385.45,455.05857142857144,50.85465108694255
Kelly Olynyk,2TM,C,78.0,762.0,347.0,411.0,74.0,30.0,466.8,43.31597445704935,380.24999999999994,487.927,50.51972571916391
Norman Powell,LAC,SG,76.0,1056.0,82.0,195.0,43.0,22.0,484.3,39.4708250645919,469.1,497.3285714285714,50.44606845703629
Ayo Dosunmu,CHI,SG,76.0,924.0,242.0,216.0,68.0,36.0,471.6,40.5986111963531,456.80000000000007,484.29285714285714,50.389754577936955
Evan Mobley,CLE,PF,50.0,785.0,160.0,468.0,45.0,72.0,451.3,43.2053478108525,415.2,458.82153846153847,50.301910514368345
Jalen Suggs,ORL,SG,75.0,943.0,205.0,229.0,106.0,47.0,479.30000000000007,39.103779648446476,467.0,495.3020000000001,50.033099584815304
Pascal Siakam,TOR,PF,39.0,865.0,190.0,246.0,32.0,10.0,437.4,44.86188363075427,366.5,458.0461904761905,50.029972288842906
Kelly Oubre Jr.,PHI,SF,68.0,1049.0,101.0,341.0,77.0,47.0,520.4000000000001,36.009356651885234,471.79999999999995,546.542105263158,50.023953961641716
Trey Murphy III,NOP,SF,57.0,842.0,124.0,280.0,51.0,28.0,425.50000000000006,44.54165618865038,385.95,432.2978571428572,49.5315817971159
Khris Middleton,MIL,SF,55.0,828.0,292.0,257.0,51.0,15.0,447.6,41.96333723117928,408.7499999999999,458.286,49.33392420085521
Max Strus,CLE,SF,70.0,853.0,283.0,338.0,64.0,29.0,474.70000000000005,39.053504296565194,435.25,484.56153846153853,49.132989885572094
Keyonte George,UTA,PG,75.0,974.0,332.0,211.0,36.0,7.0,502.5,36.45204019940238,450.40000000000003,521.754375,49.082462265825214
Payton Pritchard,BOS,PG,82.0,787.0,281.0,265.0,39.0,6.0,428.5,43.808464565060184,379.5,434.30071428571426,49.07154257993264
Herbert Jones,NOP,SF,76.0,837.0,199.0,272.0,105.0,62.0,445.7,41.50290641804891,409.09999999999997,454.5178571428571,48.96100723820635
Jordan Clarkson,UTA,SG,55.0,942.0,277.0,188.0,35.0,6.0,473.9000000000001,37.818737154794135,458.6000000000001,490.2943750000001,48.894691421955045
Tyler Herro,MIA,SG,42.0,875.0,188.0,222.0,30.0,3.0,435.3,41.453909690024204,416.1,447.6,48.70655456783882
P.J. Washington,2TM,PF,73.0,939.0,141.0,411.0,72.0,59.0,499.09999999999997,36.03233252919529,442.2,523.457,48.61713685650123
Harrison Barnes,SAC,PF,82.0,1000.0,99.0,249.0,54.0,12.0,476.2,39.16724190320954,396.75,489.936,48.5920986525806
Obi Toppin,IND,PF,82.0,843.0,128.0,320.0,47.0,43.0,435.80000000000007,42.36405179501233,379.24999999999994,442.0785714285715,48.490717784329604
Gary Trent Jr.,TOR,SG,71.0,974.0,119.0,188.0,77.0,10.0,459.70000000000005,38.21380228577318,448.6,482.5761904761905,48.48241667405652
Isaiah Hartenstein,NYK,C,75.0,582.0,188.0,626.0,87.0,85.0,412.8,42.76050030716304,409.0,423.628125,48.45429642285118
Jeremy Sochan,SAS,PF,74.0,861.0,249.0,476.0,62.0,40.0,499.6,35.51429142760431,450.65000000000003,514.6207142857143,48.34596145513457
Rui Hachimura,LAL,PF,68.0,923.0,81.0,294.0,41.0,25.0,450.80000000000007,40.85336909176636,385.09999999999997,459.52857142857147,48.31647677739938
Cole Anthony,ORL,PG,81.0,937.0,236.0,311.0,64.0,37.0,494.29999999999995,36.65890995105584,416.7,511.80199999999996,48.22399951677461
Spencer Dinwiddie,2TM,PG,76.0,795.0,356.0,205.0,51.0,22.0,437.5,40.343704078750534,408.7,455.697,48.072131537242
T.J. McConnell,IND,PG,71.0,727.0,390.0,191.0,72.0,8.0,415.0,42.06499307304231,401.20000000000005,419.1985714285714,47.8767834261328
Aaron Nesmith,IND,SF,72.0,877.0,108.0,275.0,65.0,49.0,438.8,40.41755181089191,398.2,445.37857142857143,47.7979090002471
Jaime Jaquez Jr.,MIA,SF,75.0,889.0,195.0,285.0,77.0,20.0,461.3,37.915983797751245,420.7,476.2,47.72209823536787
Malik Beasley,MIL,SG,79.0,889.0,108.0,290.0,59.0,9.0,442.0,39.16758559526942,418.90000000000003,452.126,47.61342453873126
Moritz Wagner,ORL,C,80.0,868.0,96.0,347.0,39.0,21.0,441.80000000000007,40.8124471987748,355.24999999999994,454.0520000000001,47.42797468243132
Duncan Robinson,MIA,SF,68.0,875.0,192.0,173.0,46.0,16.0,429.20000000000005,40.4210897499218,387.75,440.89000000000004,47.30173297713881
Andrew Wiggins,GSW,SF,71.0,939.0,119.0,321.0,42.0,41.0,471.90000000000003,35.97013954739394,427.05,486.60562500000003,47.08333514440997
Nick Richards,CHO,C,67.0,652.0,54.0,539.0,26.0,74.0,389.40000000000003,42.668213166515706,376.84999999999997,404.41833333333335,46.935930499355266
Alex Caruso,CHI,SG,71.0,715.0,247.0,273.0,120.0,70.0,409.0,40.87486320493001,393.7,415.43285714285713,46.816178005419246
Immanuel Quickley,TOR,PG,38.0,706.0,257.0,182.0,34.0,7.0,374.3,44.718780172383546,336.9,388.6361904761905,46.81484567661372
Saddiq Bey,ATL,SF,63.0,863.0,92.0,411.0,51.0,11.0,452.00000000000006,37.34609171082362,411.3999999999999,461.2192857142858,46.754423771980264
Terry Rozier,CHO,SG,30.0,696.0,198.0,117.0,32.0,12.0,345.8,45.42091389329107,337.3,356.45833333333337,46.071698183423
Luguentz Dort,OKC,SF,79.0,860.0,113.0,284.0,72.0,47.0,435.3,37.69766903819345,395.90000000000003,442.5264285714286,45.98878467624497
Dennis Schröder,TOR,PG,51.0,698.0,313.0,140.0,46.0,8.0,375.20000000000005,42.371462244434085,354.00000000000006,389.6261904761905,45.76022927098594
De'Andre Hunter,ATL,SF,57.0,891.0,87.0,222.0,40.0,16.0,423.80000000000007,38.53137966104733,381.25,430.1992857142858,45.7509394942479
Scoot Henderson,POR,PG,62.0,868.0,336.0,194.0,48.0,13.0,459.30000000000007,34.60507013991832,420.29999999999995,478.4135294117648,45.70450291123025
Brandin Podziemski,GSW,SG,74.0,682.0,273.0,427.0,61.0,14.0,420.30000000000007,38.52630658465213,383.7,429.84562500000004,45.703162160992335
Dillon Brooks,HOU,SF,72.0,915.0,119.0,246.0,64.0,10.0,446.4,35.79291721113847,403.85,455.70928571428567,45.45823903016352
Kentavious Caldwell-Pope,DEN,SG,76.0,766.0,183.0,183.0,98.0,42.0,393.6000000000001,39.68719878522163,385.1000000000001,401.2543750000001,45.35223470270378
Reggie Jackson,DEN,PG,82.0,833.0,308.0,155.0,44.0,13.0,431.50000000000006,36.75899842402435,394.29999999999995,442.94437500000004,45.30653265293573
RJ Barrett,TOR,SG,32.0,696.0,130.0,204.0,19.0,13.0,348.40000000000003,44.0234440210087,329.90000000000003,360.1461904761905,45.20885662705734
Russell Westbrook,LAC,PG,68.0,754.0,306.0,343.0,74.0,23.0,441.1,36.08025148644978,392.6,449.80857142857144,45.20224758802919
Al Horford,BOS,C,65.0,562.0,168.0,413.0,38.0,62.0,351.00000000000006,44.46216403679615,319.25,349.0507142857143,45.17185970653093
Grant Williams,2TM,PF,76.0,784.0,174.0,318.0,44.0,39.0,420.3,37.695524026086815,366.95,436.77700000000004,44.98970533227563
Chris Paul,GSW,PG,58.0,533.0,393.0,225.0,70.0,6.0,344.40000000000003,43.225572494590104,347.20000000000005,346.35562500000003,44.752536928197685
Zach Collins,SAS,C,69.0,776.0,194.0,370.0,34.0,52.0,431.8,36.98073964397109,357.59999999999997,440.0407142857143,44.71279006765512
Cameron Johnson,BRK,PF,58.0,776.0,138.0,251.0,49.0,15.0,394.6,40.09927059679948,335.94999999999993,400.49642857142857,44.68734101284984
Andre Drummond,CHI,C,79.0,663.0,37.0,708.0,73.0,48.0,426.29999999999995,34.68247791868112,432.9,434.4628571428571,44.530794429393914
Bennedict Mathurin,IND,SF,59.0,856.0,119.0,234.0,35.0,14.0,417.90000000000003,36.987261352287334,376.84999999999997,422.3885714285715,44.4782018071632
Bruce Brown,2TM,SG,67.0,726.0,192.0,284.0,59.0,17.0,393.20000000000005,38.04618168190653,370.70000000000005,406.96700000000004,44.16732344693442
Jakob Poeltl,TOR,C,50.0,555.0,127.0,429.0,35.0,76.0,344.30000000000007,42.35532490777,322.34999999999997,355.63619047619056,43.894956804313296
Sam Hauser,BOS,SF,79.0,712.0,82.0,276.0,40.0,25.0,362.9,40.59340689700536,329.29999999999995,362.14071428571424,43.51636680886163
Spencer Dinwiddie,BRK,PG,48.0,604.0,288.0,158.0,38.0,9.0,335.50000000000006,42.32241676702293,316.9,335.48642857142863,43.25899649281808
Bojan Bogdanović,2TM,PF,57.0,868.0,97.0,152.0,30.0,5.0,400.5,37.318613163224995,324.3,414.997,43.152144730245126
OG Anunoby,2TM,SF,50.0,733.0,107.0,208.0,68.0,36.0,366.6,39.05640787631974,333.35,377.707,42.98791484812385
Royce O'Neale,2TM,SF,79.0,608.0,219.0,377.0,59.0,44.0,372.69999999999993,37.807465323288106,345.25,384.4169999999999,42.708623089122284
Draymond Green,GSW,PF,55.0,475.0,332.0,398.0,55.0,47.0,346.2,40.39977559564283,324.25,348.335625,42.69164424419759
Malcolm Brogdon,POR,PG,39.0,613.0,214.0,148.0,27.0,8.0,321.1,42.75259311114201,287.8,326.39352941176475,42.482666994458114
Daniel Gafford,WAS,C,45.0,490.0,69.0,361.0,44.0,97.0,296.09999999999997,44.41621781898171,282.2,297.8641176470588,42.34508459039704
Onyeka Okongwu,ATL,C,55.0,561.0,74.0,376.0,26.0,60.0,323.00000000000006,42.35809219849262,295.55,319.3192857142858,42.333024487472485
Eric Gordon,PHO,SG,68.0,749.0,139.0,122.0,66.0,30.0,361.40000000000003,37.601823904576634,355.8,366.10125000000005,42.23612544995587
Walker Kessler,UTA,C,64.0,518.0,60.0,481.0,30.0,154.0,333.8,39.77583977893328,343.85,336.184375,42.202067375753025
Paul Reed,PHI,C,82.0,600.0,109.0,488.0,67.0,84.0,374.5,36.46467467288989,356.05,386.0521052631579,42.17177391932383
Kevin Huerter,SAC,SG,64.0,655.0,166.0,224.0,45.0,23.0,346.8,39.38456380522261,328.9,347.596,42.17166151996569
Terance Mann,LAC,SG,75.0,658.0,119.0,254.0,43.0,15.0,343.6,39.83830516080778,322.5,342.55857142857144,42.17145542427286
Amen Thompson,HOU,SF,62.0,592.0,163.0,409.0,78.0,38.0,362.80000000000007,37.870637617297945,337.1,363.7492857142858,42.045052432302455
Georges Niang,CLE,PF,82.0,768.0,98.0,278.0,30.0,18.0,387.2000000000001,36.15995002920951,334.19999999999993,388.3115384615386,41.92073230803167
Jalen Smith,IND,C,61.0,601.0,63.0,337.0,17.0,38.0,325.9,41.79048588206064,284.85,321.1885714285714,41.88818015544265
Wendell Carter Jr.,ORL,C,55.0,603.0,95.0,381.0,35.0,28.0,342.70000000000005,39.67198263208634,302.35,345.04200000000003,41.70624152714188
Dereck Lively II,DAL,C,55.0,483.0,60.0,378.0,36.0,77.0,292.1,43.689267422893316,280.09999999999997,293.3416666666667,41.70293784835782
Trayce Jackson-Davis,GSW,PF,68.0,540.0,82.0,341.0,29.0,76.0,311.1,42.12652077401921,290.9,309.72562500000004,41.67276938964892
Santi Aldama,MEM,PF,61.0,654.0,138.0,352.0,43.0,54.0,369.3,36.54174236280097,334.90000000000003,382.04058823529414,41.63296915524863
Nickeil Alexander-Walker,MIN,SG,82.0,655.0,204.0,167.0,64.0,42.0,346.79999999999995,38.15342846889922,336.5,348.68999999999994,41.58968243942089
Jaden McDaniels,MIN,SF,72.0,757.0,101.0,224.0,63.0,42.0,378.3,35.64889696805096,343.59999999999997,383.34000000000003,41.49876154879502
Andrew Nembhard,IND,PG,68.0,626.0,280.0,141.0,63.0,6.0,341.5,38.88728847605192,320.8,338.3485714285714,41.45303926215603
Simone Fontecchio,2TM,SF,66.0,692.0,101.0,246.0,44.0,23.0,352.9,37.807369256431485,320.5,362.637,41.435335880078455
Isaac Okoro,CLE,SF,69.0,647.0,132.0,206.0,57.0,34.0,335.49999999999994,39.227310637640386,306.0,331.4415384615384,41.12985343403806
Jabari Walker,POR,SF,72.0,638.0,71.0,508.0,42.0,22.0,377.40000000000003,34.26774413483044,347.59999999999997,388.32352941176475,40.794096680945245
LaMelo Ball,CHO,PG,22.0,526.0,176.0,113.0,40.0,4.0,272.6,43.83866561092007,243.9,275.93833333333333,40.37596274754943
Taurean Prince,LAL,PF,78.0,697.0,119.0,230.0,58.0,35.0,357.90000000000003,36.38319470556313,307.0,357.33857142857147,40.3672712534105
Isaiah Joe,OKC,SG,78.0,636.0,99.0,180.0,46.0,22.0,317.0,39.15147965499624,303.59999999999997,312.39642857142854,40.30445082477102
Buddy Hield,IND,SF,52.0,623.0,139.0,167.0,43.0,31.0,317.8,39.361606623692715,288.8,312.27857142857147,40.16989803824606
Vince Williams Jr.,MEM,SG,52.0,521.0,175.0,290.0,47.0,34.0,309.49999999999994,39.24282752123858,285.19999999999993,316.26058823529405,39.886271163235506
Precious Achiuwa,2TM,PF,74.0,565.0,97.0,487.0,46.0,68.0,354.20000000000005,34.03340216808612,344.95,364.06700000000006,39.676406291565954
Kyle Anderson,MIN,PF,79.0,506.0,331.0,273.0,71.0,47.0,335.00000000000006,36.97006329738722,297.5,335.71000000000004,39.66123192812584
Caleb Martin,MIA,SF,64.0,640.0,143.0,281.0,47.0,29.0,348.4,35.27550769494601,318.75,352.01,39.61032802586198
Kelly Olynyk,UTA,C,50.0,406.0,219.0,254.0,37.0,12.0,261.9,44.24836735059146,217.15,257.09437499999996,39.577922163874895
Kyle Lowry,2TM,PG,60.0,487.0,253.0,194.0,59.0,21.0,292.2,40.25384288145207,274.7,295.86699999999996,39.5721397992793
Marvin Bagley III,2TM,C,50.0,583.0,55.0,312.0,20.0,33.0,311.90000000000003,38.992927671327465,269.7,317.53700000000003,39.521280073282924
Derrick Jones Jr.,DAL,SF,76.0,657.0,75.0,250.0,53.0,51.0,338.20000000000005,35.94296136581812,308.0,344.05166666666673,39.442302977802235
Christian Braun,DEN,SG,82.0,600.0,132.0,306.0,42.0,35.0,335.29999999999995,36.19526361023339,308.9,337.12437499999993,39.43775864749886
Cason Wallace,OKC,SG,82.0,561.0,120.0,187.0,76.0,37.0,297.1,39.175220738690875,286.0,290.5064285714286,39.17619692996993
Sam Merrill,CLE,SG,61.0,485.0,108.0,120.0,19.0,4.0,241.9,44.37119272689621,231.8,228.48153846153846,39.01525243336367
GG Jackson II,MEM,PF,48.0,699.0,59.0,196.0,28.0,24.0,335.8,35.84105865419008,283.75,345.1905882352941,38.88201118474017
Kevin Love,MIA,PF,55.0,485.0,115.0,338.0,18.0,10.0,287.40000000000003,39.40929926794365,267.45,284.91,38.64736178444127
Cameron Payne,2TM,PG,78.0,578.0,205.0,117.0,42.0,11.0,300.90000000000003,38.04468446977078,272.40000000000003,305.437,38.552920773827246
Alec Burks,2TM,SG,66.0,689.0,88.0,150.0,28.0,12.0,327.20000000000005,34.90428254128425,315.00000000000006,334.367,38.53624929956359
Ausar Thompson,DET,SF,63.0,556.0,120.0,402.0,68.0,59.0,339.5,33.9765375802436,315.09999999999997,347.79,38.47903857797447
Marcus Sasser,DET,PG,71.0,586.0,236.0,125.0,44.0,12.0,312.2,36.41499782026821,288.29999999999995,317.76,38.33002764241547
Dorian Finney-Smith,BRK,PF,68.0,580.0,107.0,317.0,56.0,38.0,326.20000000000005,35.310562800905316,296.45,325.2564285714286,38.27207544427529
P.J. Washington,CHO,PF,44.0,600.0,97.0,232.0,38.0,32.0,312.79999999999995,36.68791009792234,272.75,320.1583333333333,38.251472142816546
Aaron Wiggins,OKC,SG,78.0,542.0,86.0,186.0,56.0,19.0,278.7,39.48957313353024,265.7,270.26642857142855,38.23318401416185
Miles McBride,NYK,PG,68.0,562.0,114.0,100.0,50.0,7.0,273.3,40.56135131471943,229.89999999999998,270.178125,38.0704299618767
Terry Rozier,MIA,PG,31.0,509.0,144.0,130.0,31.0,9.0,262.40000000000003,41.27876039019768,227.29999999999998,257.41,37.99781166556475
Luke Kornet,BOS,C,63.0,334.0,67.0,261.0,23.0,61.0,207.6,45.99731527659735,197.95000000000002,191.31071428571428,37.96722689243494
Malaki Branham,SAS,PG,75.0,690.0,156.0,148.0,27.0,8.0,340.3,33.87959796908719,287.7,339.3907142857143,37.799608612720064
Daniel Gafford,DAL,PF,29.0,324.0,46.0,201.0,21.0,56.0,186.7,47.585269196013456,174.9,177.40166666666664,37.77180775525384
Dario Šarić,GSW,C,64.0,515.0,144.0,283.0,31.0,10.0,295.50000000000006,37.99016600477709,246.25,292.56562500000007,37.704697050818766
Isaiah Stewart,DET,PF,46.0,503.0,73.0,305.0,17.0,38.0,282.3,37.83197918475051,260.75,284.87,37.4458025724899
Zach LaVine,CHI,SG,25.0,487.0,98.0,129.0,21.0,8.0,243.10000000000002,41.54138843777598,232.3,232.94285714285718,37.41591551603188
Bojan Bogdanović,DET,PF,28.0,565.0,71.0,94.0,23.0,4.0,261.7,40.68770900853332,211.25,262.21,37.39325562528941
Dante Exum,DAL,PG,55.0,428.0,157.0,149.0,22.0,5.0,235.10000000000002,42.5448653563838,208.8,230.64166666666668,37.347474543748405
Duop Reath,POR,C,68.0,617.0,67.0,250.0,33.0,38.0,317.3,35.359113858936475,259.6,322.21352941176474,37.34397305523245
Luke Kennard,MEM,SG,39.0,429.0,136.0,113.0,20.0,2.0,223.6,42.337197032358326,214.3,221.7705882352941,36.91338514918996
Kevon Looney,GSW,C,74.0,334.0,133.0,419.0,28.0,29.0,249.70000000000002,39.435203053087136,252.1,242.18562500000002,36.81897749168542
Patrick Beverley,2TM,PG,73.0,451.0,212.0,239.0,43.0,31.0,278.00000000000006,37.003784472426524,251.4,280.24700000000007,36.59721831203693
Alec Burks,DET,SG,43.0,540.0,68.0,110.0,21.0,11.0,254.79999999999998,38.532711985166415,245.89999999999998,254.61999999999998,36.46739234883686
Gordon Hayward,2TM,SF,51.0,500.0,158.0,181.0,40.0,13.0,273.1,37.16033466100055,250.10000000000002,274.857,36.46733617079351
Cedi Osman,SAS,SF,72.0,489.0,119.0,180.0,36.0,11.0,260.1000000000001,38.35960261283699,237.45,251.17071428571435,36.28259373700952
Toumani Camara,POR,PF,70.0,527.0,87.0,343.0,66.0,33.0,306.70000000000005,33.47320159760889,285.6,310.55352941176477,36.266369535697535
Pat Connaughton,MIL,SF,76.0,428.0,161.0,239.0,40.0,19.0,257.1,38.370526866801924,237.70000000000002,248.73600000000002,36.18444391468666
Larry Nance Jr.,NOP,C,61.0,350.0,113.0,307.0,61.0,19.0,232.0,40.797773860587185,214.05,219.44785714285715,36.152866907862105
Josh Green,DAL,SG,57.0,469.0,130.0,184.0,47.0,9.0,256.0,37.836228901682375,242.30000000000004,253.63166666666666,35.99487179217127
James Wiseman,DET,C,63.0,446.0,54.0,336.0,12.0,39.0,261.5,37.31969189043649,244.85,261.99,35.99011768689975
Bilal Coulibaly,WAS,SF,63.0,532.0,110.0,256.0,57.0,48.0,296.5,34.03424206705802,272.75,298.30411764705883,35.93121340017186
Day'Ron Sharpe,BRK,C,61.0,415.0,85.0,389.0,24.0,44.0,267.59999999999997,36.313701154226365,260.59999999999997,260.7964285714285,35.81278753597184
Aaron Holiday,HOU,PG,78.0,514.0,140.0,123.0,42.0,6.0,263.00000000000006,37.211821824315074,227.29999999999998,253.96928571428577,35.51247689830312
Naji Marshall,NOP,SF,66.0,466.0,128.0,240.0,49.0,12.0,266.09999999999997,36.43134616593761,245.24999999999997,256.9578571428571,35.500847412646124
Kelly Olynyk,TOR,C,28.0,356.0,128.0,157.0,37.0,18.0,204.9,42.665980405669266,163.1,202.29619047619047,35.40068457181866
Immanuel Quickley,NYK,SG,30.0,450.0,74.0,77.0,16.0,3.0,212.10000000000002,40.95992648882276,206.0,202.85812500000003,35.366347981334336
Peyton Watson,DEN,SF,80.0,532.0,86.0,258.0,42.0,88.0,294.6,33.261715524866126,270.09999999999997,292.354375,35.281542540398114
Talen Horton-Tucker,UTA,PG,51.0,516.0,177.0,121.0,45.0,19.0,272.4,35.520619593609574,244.09999999999997,268.64437499999997,35.25778725468345
Julian Champagnie,SAS,SF,74.0,504.0,103.0,206.0,48.0,42.0,272.40000000000003,35.43772258892225,249.59999999999997,264.7007142857143,35.25319056582736
Shaedon Sharpe,POR,SG,32.0,510.0,94.0,160.0,28.0,12.0,258.8,36.22799173789751,245.6,257.8635294117647,35.219705517193155
Isaiah Jackson,IND,C,59.0,383.0,50.0,238.0,34.0,61.0,220.3,40.4090146216023,201.0,205.02857142857144,35.173159033078484
Cam Whitmore,HOU,SF,47.0,579.0,33.0,180.0,30.0,17.0,278.90000000000003,34.794558453354526,251.44999999999996,271.4592857142857,35.159801659140456
Moses Moody,GSW,SG,66.0,533.0,57.0,196.0,42.0,24.0,270.4,35.17926912972474,255.00000000000003,264.955625,35.154139235671494
Grant Williams,CHO,PF,29.0,402.0,93.0,149.0,20.0,12.0,212.4,40.93960174103742,183.04999999999998,209.71833333333333,35.03039349556571
Dennis Schröder,BRK,PG,29.0,424.0,175.0,102.0,17.0,9.0,227.60000000000002,39.10540889479263,209.99999999999997,216.79642857142858,34.91047719913195
Kris Dunn,UTA,PG,66.0,357.0,254.0,189.0,68.0,28.0,241.00000000000006,37.21038713538714,237.20000000000002,234.10437500000006,34.86589780985189
Lonnie Walker IV,BRK,SG,58.0,565.0,74.0,127.0,32.0,20.0,271.4,34.37263392316685,261.9,264.9764285714285,34.823205108496985
Dalano Banton,2TM,PG,54.0,557.0,127.0,178.0,33.0,20.0,289.1,33.4019079248457,241.00000000000003,292.45700000000005,34.68443226687904
Nicolas Batum,2TM,PF,60.0,320.0,128.0,248.0,48.0,38.0,211.8,39.77526573264526,200.1,207.42700000000002,34.6019824334009
Drew Eubanks,PHO,C,75.0,379.0,63.0,322.0,27.0,61.0,237.39999999999998,37.22358776874404,230.35,229.70125,34.591507146549695
Dalano Banton,POR,PG,30.0,501.0,108.0,143.0,28.0,17.0,255.1,36.43048343475322,212.3,253.7935294117647,34.56329423722413
Josh Richardson,MIA,SG,43.0,425.0,105.0,121.0,24.0,14.0,219.0,39.05395837344042,209.3,209.67,34.55039951849196
Amir Coffey,LAC,SF,70.0,463.0,76.0,148.0,41.0,14.0,235.5,37.76145132742586,214.39999999999998,223.64857142857142,34.47877652335366
De'Anthony Melton,PHI,SG,38.0,421.0,114.0,141.0,60.0,16.0,227.00000000000003,37.93150601831359,218.9,223.80210526315793,34.46022040987437
Trey Lyles,SAC,PF,58.0,419.0,72.0,257.0,17.0,19.0,237.00000000000003,37.25481724906996,218.14999999999998,226.81600000000003,34.327918267881884
Nicolas Batum,PHI,PF,57.0,312.0,123.0,241.0,45.0,34.0,205.50000000000003,39.91135208570329,193.95,200.15210526315792,34.306224687816666
Bruce Brown,IND,SG,33.0,398.0,100.0,154.0,35.0,8.0,214.30000000000004,39.22640395862516,202.40000000000003,198.42857142857147,34.24289348297025
Jeff Green,HOU,PF,78.0,509.0,70.0,178.0,16.0,31.0,257.90000000000003,35.489774011355145,222.85,248.35928571428576,34.18377913405371
OG Anunoby,TOR,SF,27.0,408.0,72.0,106.0,28.0,13.0,202.90000000000003,40.05630568175405,183.89999999999998,200.09619047619051,34.13964397592915
Vasilije Micić,2TM,PG,60.0,422.0,262.0,88.0,31.0,7.0,242.6,35.328660049627786,244.0,241.307,34.00656837972022
RJ Barrett,NYK,SG,26.0,474.0,63.0,111.0,12.0,9.0,226.50000000000003,37.32218421491741,216.60000000000002,218.69812500000003,33.96220452334018
Tre Mann,2TM,PG,41.0,382.0,165.0,149.0,51.0,3.0,221.00000000000003,38.05285270848965,200.9,217.54700000000003,33.95468108998584
Simone Fontecchio,UTA,SF,50.0,445.0,73.0,176.0,30.0,18.0,232.60000000000002,36.706968133038416,211.85000000000002,224.86437500000002,33.74270701827414
Goga Bitadze,ORL,C,62.0,311.0,79.0,286.0,32.0,72.0,207.8,38.117717178674596,205.35,196.65200000000002,33.44546445620432
Trendon Watford,BRK,PF,63.0,432.0,81.0,194.0,23.0,19.0,232.00000000000003,36.471296064418375,205.1,221.6364285714286,33.411138714476245
Jordan Hawkins,NOP,SG,67.0,524.0,70.0,148.0,19.0,7.0,255.8,33.56311973144526,242.90000000000003,245.62785714285715,33.309613260545
Buddy Hield,PHI,SG,32.0,390.0,97.0,102.0,27.0,11.0,199.6,38.705551981200685,192.1,193.66210526315788,33.30481757275659
Jaden Hardy,DAL,SG,73.0,530.0,109.0,131.0,22.0,4.0,262.59999999999997,32.62590723066678,251.70000000000002,260.89166666666665,33.30327754373913
Royce O'Neale,BRK,SF,49.0,364.0,137.0,221.0,32.0,29.0,223.29999999999998,36.784892760093804,206.70000000000002,212.06642857142856,33.27564989464852
Jonathan Isaac,ORL,PF,58.0,393.0,30.0,260.0,43.0,70.0,226.50000000000003,36.239942039306094,215.2,217.22200000000004,33.262254654088196
Haywood Highsmith,MIA,PF,66.0,405.0,70.0,210.0,53.0,30.0,226.3,36.53644298805243,204.8,217.70000000000002,33.24697934420285
Precious Achiuwa,NYK,PF,49.0,372.0,53.0,351.0,30.0,56.0,238.20000000000002,34.661895442338135,236.25,231.568125,33.20723435281737
Gradey Dick,TOR,SG,60.0,510.0,68.0,132.0,34.0,2.0,247.6,33.70122796508643,237.79999999999998,249.26619047619047,33.14977917993855
Gordon Hayward,CHO,SF,25.0,362.0,116.0,117.0,28.0,12.0,195.4,38.99212816812817,178.69999999999996,191.01833333333335,33.08294735335012
Joe Ingles,ORL,SF,68.0,296.0,203.0,142.0,43.0,5.0,192.20000000000002,39.312244002411674,179.54999999999998,179.49200000000002,33.04292961864678
Tre Mann,CHO,PG,28.0,333.0,145.0,125.0,48.0,3.0,192.30000000000004,39.22997093755882,175.5,187.60833333333338,33.03955472599713
Dyson Daniels,NOP,PG,61.0,354.0,164.0,236.0,85.0,25.0,232.60000000000002,35.595687649802485,206.4,220.10785714285717,32.90042008753577
Dwight Powell,DAL,C,63.0,208.0,84.0,214.0,26.0,20.0,147.4,43.15471957698467,141.6,134.17166666666668,32.87479205817993
Monte Morris,MIN,PG,27.0,137.0,61.0,45.0,18.0,8.0,78.6,49.97066322676615,72.6,53.66999999999999,32.80430460787233
Dennis Smith Jr.,BRK,PG,56.0,369.0,203.0,164.0,68.0,12.0,229.0,35.20199999817748,216.3,218.33642857142857,32.73560625116047
Daniel Theis,2TM,C,60.0,376.0,61.0,244.0,21.0,51.0,218.6,36.05931247692876,199.3,214.90699999999998,32.62621717603641
Daniel Theis,LAC,C,59.0,374.0,61.0,244.0,21.0,51.0,217.79999999999998,36.32778917043829,198.8,204.17857142857142,32.600203257995794
Delon Wright,2TM,PG,47.0,210.0,119.0,86.0,54.0,11.0,131.5,43.83240807104485,125.69999999999999,119.097,32.37109835352156
Kyle Lowry,MIA,PG,37.0,303.0,147.0,129.0,39.0,15.0,181.8,39.22807466557467,168.0,168.75,32.36112745989786
Gary Harris,ORL,SG,54.0,372.0,87.0,91.0,49.0,14.0,190.70000000000002,38.0611531986532,186.50000000000003,177.842,32.35938185420427
Nikola Jović,MIA,PF,46.0,352.0,90.0,192.0,25.0,14.0,201.10000000000002,37.442984470651574,181.29999999999998,189.98000000000002,32.323201418382055
Jaxson Hayes,LAL,C,70.0,303.0,33.0,211.0,34.0,29.0,176.3,39.71258182408836,161.84999999999997,157.57857142857142,32.2371359027032
Jose Alvarado,NOP,PG,56.0,397.0,117.0,128.0,59.0,15.0,215.20000000000002,36.2790803810817,186.10000000000002,200.96785714285716,32.22039109057762
Jordan McLaughlin,MIN,PG,56.0,195.0,110.0,72.0,35.0,7.0,118.60000000000001,44.92137835843205,113.9,97.67,32.171819233381584
Marvin Bagley III,WAS,C,24.0,318.0,28.0,194.0,15.0,19.0,175.00000000000003,39.59723799787975,155.7,164.65411764705885,32.12460705877386
Patrick Williams,CHI,PF,43.0,429.0,66.0,166.0,40.0,33.0,225.3,34.7322071352857,197.34999999999997,213.36285714285714,31.931425905556523
Vasilije Micić,CHO,PG,30.0,323.0,186.0,64.0,22.0,4.0,181.80000000000004,37.66509617269772,180.3,176.05833333333337,31.759808282109898
Keon Ellis,SAC,SG,57.0,310.0,85.0,124.0,51.0,29.0,173.8,38.65122679374264,166.5,157.29600000000002,31.62025094721682
Davion Mitchell,SAC,PG,72.0,379.0,134.0,95.0,17.0,3.0,199.4,36.43708122723073,178.8,185.45600000000002,31.561800913966692
Kenrich Williams,OKC,PF,69.0,325.0,93.0,209.0,38.0,9.0,195.10000000000002,36.68899052392628,179.3,178.3064285714286,31.51192736557273
Grant Williams,DAL,PF,47.0,382.0,81.0,169.0,24.0,27.0,207.9,35.0926404928787,183.9,200.72166666666666,31.282134610909267
Ochai Agbaji,2TM,SG,78.0,455.0,83.0,216.0,47.0,44.0,250.9,30.387833119303266,234.0,250.437,31.18090984578273
Cameron Payne,MIL,PG,47.0,291.0,109.0,62.0,22.0,3.0,153.10000000000002,40.018026837283756,139.6,134.336,31.090112152819337
Jaylin Williams,OKC,C,69.0,276.0,110.0,234.0,28.0,27.0,184.70000000000002,36.88645647680376,170.04999999999998,166.8664285714286,31.032749965213718
Monte Morris,2TM,PG,33.0,164.0,69.0,57.0,19.0,9.0,93.60000000000002,45.35144754435781,85.30000000000001,77.40700000000002,30.98018422382482
Garrison Mathews,ATL,SG,66.0,325.0,37.0,92.0,20.0,8.0,158.60000000000002,39.118650840869435,151.4,138.47928571428574,30.96679557083015
Killian Hayes,DET,PG,42.0,289.0,205.0,119.0,36.0,20.0,186.00000000000003,35.901711403350745,186.2,178.94000000000003,30.954507530327064
Jordan Goodwin,2TM,PG,57.0,368.0,155.0,253.0,48.0,18.0,235.40000000000003,31.93280946016379,204.3,233.38700000000003,30.919990112018958
Patrick Beverley,PHI,PG,47.0,294.0,144.0,145.0,24.0,18.0,179.60000000000002,36.773592571243974,164.50000000000003,171.6621052631579,30.806292104751474
Royce O'Neale,PHO,SF,30.0,244.0,82.0,156.0,27.0,15.0,149.4,39.60304173691417,138.55,132.90125,30.708635100477693
Scotty Pippen Jr.,MEM,PG,21.0,271.0,98.0,67.0,36.0,10.0,146.0,39.79861493522539,131.8,136.4105882352941,30.667885668868532
Matisse Thybulle,POR,SF,65.0,354.0,90.0,136.0,113.0,49.0,203.00000000000003,34.14794404799943,190.94999999999996,196.48352941176472,30.663483720719437
Dean Wade,CLE,PF,54.0,291.0,43.0,218.0,40.0,25.0,175.1,36.992361426258896,166.89999999999998,155.00153846153844,30.62669429151714
Christian Wood,LAL,PF,50.0,347.0,49.0,254.0,16.0,33.0,204.30000000000004,34.118659536541884,194.19999999999996,188.37857142857146,30.619035291222335
Bruce Brown,TOR,PG,34.0,328.0,92.0,130.0,24.0,9.0,178.90000000000003,36.767966751918166,151.5,173.6961904761905,30.570852325474068
Chris Boucher,TOR,PF,50.0,322.0,23.0,207.0,14.0,24.0,178.60000000000002,36.123771134550786,167.14999999999998,173.3661904761905,30.46564024799872
Malachi Flynn,3TM,PG,69.0,380.0,130.0,114.0,38.0,8.0,205.40000000000003,33.52556739960359,182.00000000000003,214.80500000000004,30.44974984986063
OG Anunoby,NYK,SF,23.0,325.0,35.0,102.0,40.0,23.0,163.70000000000002,37.835880404491036,149.45,149.61812500000002,30.447139894772516
Ziaire Williams,MEM,SF,51.0,420.0,75.0,180.0,36.0,9.0,223.5,31.83036887268253,204.3,221.6605882352941,30.393588551877652
Doug McDermott,2TM,SF,64.0,351.0,70.0,59.0,16.0,2.0,168.0,37.24742080721808,151.25,159.24699999999999,30.37436079863582
Chimezie Metu,2TM,C,51.0,332.0,46.0,194.0,43.0,16.0,186.70000000000002,35.61300782134424,161.65,179.817,30.34807033211957
Justin Holiday,DEN,SG,58.0,234.0,67.0,71.0,36.0,9.0,125.70000000000002,40.84014004950937,122.20000000000002,106.56437500000001,30.175844975133423
Jake LaRavia,MEM,PF,35.0,379.0,58.0,128.0,29.0,12.0,192.89999999999998,34.57197489193793,165.50000000000003,188.0005882352941,30.066511499401265
P.J. Washington,DAL,PF,29.0,339.0,44.0,179.0,34.0,27.0,186.3,34.876160095965474,169.45000000000002,176.96166666666667,29.999316414411442
Kyle Lowry,PHI,PG,23.0,184.0,106.0,65.0,20.0,6.0,110.4,41.819792241629074,106.69999999999999,95.54210526315791,29.93615955614372
Jae Crowder,MIL,PF,50.0,312.0,66.0,161.0,38.0,9.0,174.9,36.03999328295551,156.95000000000002,158.316,29.90978077958018
Mason Plumlee,LAC,C,46.0,244.0,55.0,234.0,14.0,17.0,158.5,37.246971398058356,153.34999999999997,138.94857142857143,29.880906971807786
David Roddy,2TM,PF,65.0,425.0,80.0,211.0,27.0,11.0,231.99999999999997,30.269611653489477,207.15,229.64699999999996,29.83358083787609
Torrey Craig,CHI,SF,53.0,303.0,58.0,217.0,30.0,21.0,181.3,35.092572088005575,167.65,164.96285714285716,29.795859319142085
Jordan Nwora,2TM,SF,52.0,364.0,62.0,149.0,26.0,13.0,191.70000000000002,33.925262254636785,174.8,185.317,29.783266885053955
David Roddy,MEM,PF,48.0,403.0,76.0,200.0,25.0,11.0,220.0,31.25540602362802,196.45,217.81058823529412,29.756785815962644
Jacob Gilyard,MEM,PG,37.0,173.0,131.0,43.0,27.0,5.0,107.2,41.42616542550281,111.80000000000001,93.73058823529412,29.690116091229743
John Konchar,MEM,SF,55.0,235.0,110.0,257.0,51.0,51.0,177.6,34.62278962754917,168.4,171.1705882352941,29.52834941565345
Bruno Fernando,ATL,C,45.0,282.0,46.0,193.0,25.0,28.0,165.90000000000003,36.22268403807751,150.89999999999998,146.50928571428574,29.51085671727548
Danilo Gallinari,3TM,SF,49.0,280.0,55.0,108.0,14.0,6.0,146.6,37.37303190322114,133.29999999999998,150.125,29.452999183978438
Craig Porter Jr.,CLE,PG,51.0,285.0,118.0,109.0,21.0,15.0,163.0,36.36497265095426,147.2,141.69153846153847,29.38457038310012
Markelle Fultz,ORL,PG,43.0,335.0,120.0,138.0,42.0,15.0,191.29999999999998,33.49945702259826,168.0,178.50199999999998,29.28809511646741
Marcus Smart,MEM,PG,20.0,289.0,86.0,53.0,41.0,5.0,148.0,37.23693789236634,131.0,138.61058823529413,29.191648269005103
Quentin Grimes,2TM,SG,51.0,359.0,66.0,100.0,35.0,7.0,180.99999999999997,33.61854922334185,174.49999999999997,173.54699999999997,29.15692386753074
Marvin Bagley III,DET,C,26.0,265.0,27.0,118.0,5.0,14.0,136.9,38.483173447030254,114.0,124.93,29.14770891273425
Kris Murray,POR,SF,62.0,376.0,80.0,224.0,53.0,21.0,218.60000000000002,30.207315609218856,202.45,213.64352941176472,29.1427984034183
Jock Landale,HOU,C,56.0,274.0,65.0,172.0,20.0,33.0,162.3,35.97274311898673,144.45,143.19928571428574,29.101708517380274
Jacob Gilyard,2TM,PG,41.0,173.0,137.0,46.0,33.0,5.0,109.60000000000001,40.13314233913728,115.1,95.007,29.051267672470008
Bol Bol,PHO,PF,43.0,223.0,17.0,137.0,10.0,25.0,123.50000000000001,39.31624287849071,115.29999999999998,104.41125000000001,29.04241185850282
Blake Wesley,SAS,SG,61.0,268.0,166.0,94.0,29.0,9.0,163.00000000000003,35.390190836640066,156.50000000000003,144.36071428571432,29.01230662352883
Jared Butler,WAS,SG,40.0,251.0,126.0,58.0,29.0,8.0,140.90000000000003,37.24581422192563,138.00000000000003,127.14411764705886,28.985537109078507
Taylor Hendricks,UTA,PF,40.0,292.0,32.0,185.0,28.0,30.0,166.00000000000003,34.991866366739764,155.2,151.60437500000003,28.92850422154399
Quentin Grimes,NYK,SG,45.0,327.0,52.0,88.0,30.0,3.0,162.10000000000002,35.18701754385965,156.30000000000004,147.85812500000003,28.91588863573607
Doug McDermott,SAS,SF,46.0,276.0,57.0,48.0,11.0,2.0,132.7,38.22076286290512,119.45,111.03071428571428,28.784010687883352
Cameron Payne,PHI,PG,31.0,287.0,96.0,55.0,20.0,8.0,147.8,36.453979837111476,132.8,136.6821052631579,28.72065149933635
Anthony Black,ORL,PG,69.0,316.0,91.0,139.0,35.0,21.0,178.0,33.603979385032396,150.7,163.87199999999999,28.483067452302784
Gary Payton II,GSW,SG,44.0,240.0,48.0,113.0,39.0,18.0,133.9,37.322336962954196,126.49999999999999,114.805625,28.461050221820035
Mo Bamba,PHI,C,57.0,253.0,41.0,238.0,22.0,60.0,165.2,33.51228070175438,166.74999999999997,155.82210526315788,28.29797482391709
Landry Shamet,WAS,SG,46.0,327.0,54.0,62.0,25.0,10.0,157.50000000000003,34.39448696887676,153.8,145.40411764705885,28.242620153299967
Delon Wright,WAS,PG,33.0,134.0,82.0,59.0,35.0,8.0,86.1,41.055978304865214,83.2,66.86411764705882,28.01434488971308
Thaddeus Young,TOR,PF,23.0,114.0,50.0,75.0,18.0,3.0,72.69999999999999,42.23933774335199,66.44999999999999,56.876190476190466,27.93557793955224
Josh Okogie,PHO,SG,60.0,277.0,64.0,154.0,48.0,24.0,161.60000000000002,33.57813080299688,151.0,146.32125000000002,27.812153021005074
Bryce McGowens,CHO,SG,59.0,302.0,51.0,102.0,21.0,10.0,154.5,33.93110893511951,146.39999999999998,146.02833333333334,27.759912750155113
A.J. Green,MIL,SG,56.0,252.0,30.0,64.0,9.0,4.0,120.90000000000002,37.40404957637782,115.40000000000002,98.91600000000003,27.74784649024207
Dāvis Bertāns,2TM,PF,43.0,290.0,35.0,61.0,26.0,12.0,138.99999999999997,35.792959436141025,114.94999999999999,127.34699999999998,27.632704841206564
Marcus Morris,2TM,PF,49.0,316.0,36.0,134.0,15.0,13.0,163.20000000000002,33.247207571030444,143.85,153.967,27.630368686771476
Xavier Tillman Sr.,2TM,PF,54.0,284.0,77.0,211.0,51.0,44.0,180.7,31.14266949673926,171.75,173.21699999999998,27.60188668689112
Thomas Bryant,MIA,C,38.0,217.0,23.0,141.0,10.0,16.0,122.2,37.023382601418035,110.39999999999999,103.19,27.519411007741926
Jordan Nwora,TOR,SF,34.0,270.0,44.0,116.0,20.0,12.0,143.2,34.63950462467984,130.7,134.42619047619047,27.442432349401297
Jevon Carter,CHI,PG,72.0,357.0,94.0,60.0,37.0,16.0,178.9,31.630610621760642,155.99999999999997,162.32285714285715,27.3936977482226
Thaddeus Young,2TM,PF,33.0,137.0,57.0,103.0,23.0,5.0,89.60000000000001,39.605501348564175,83.6,73.007,27.32492696330691
Jae'Sean Tate,HOU,SF,65.0,265.0,64.0,197.0,42.0,15.0,163.89999999999998,32.648733794813026,152.75,144.9592857142857,27.32159686030967
Maxi Kleber,DAL,C,43.0,191.0,68.0,143.0,17.0,30.0,123.3,36.061781960410286,112.94999999999999,107.66166666666666,27.08145516657656
Neemias Queta,BOS,C,28.0,154.0,20.0,122.0,13.0,21.0,93.39999999999999,39.051920809589305,89.1,65.69071428571428,27.08000512617002
Max Christie,LAL,SG,67.0,284.0,60.0,142.0,20.0,17.0,157.7,32.697974299380455,145.5,137.1185714285714,26.94688728717479
Ben Sheppard,IND,SG,57.0,252.0,53.0,89.0,33.0,2.0,132.70000000000002,34.98047183963902,127.10000000000001,108.66857142857144,26.941930973857353
Jericho Sims,NYK,C,45.0,92.0,25.0,147.0,8.0,19.0,73.9,39.5913215454984,82.1,50.838125000000005,26.575940497931395
Patrick Beverley,MIL,PG,26.0,157.0,68.0,94.0,19.0,13.0,98.4,37.80107829853627,86.90000000000002,74.166,26.533019842551376
Spencer Dinwiddie,LAL,PG,28.0,191.0,68.0,47.0,13.0,13.0,102.0,37.25102614665498,91.8,75.84857142857142,26.407124800448102
Lindy Waters III,OKC,SG,38.0,137.0,24.0,40.0,5.0,7.0,68.80000000000001,40.31821128909229,65.30000000000001,39.37642857142858,26.402693457026263
Richaun Holmes,2TM,C,40.0,199.0,25.0,182.0,11.0,19.0,124.0,34.55210877862596,121.24999999999999,110.847,26.39299871327735
Vit Krejci,ATL,PG,22.0,135.0,50.0,52.0,13.0,6.0,76.3,39.68544189618833,67.6,47.94928571428571,26.37535678853822
Mitchell Robinson,NYK,C,31.0,173.0,18.0,263.0,37.0,35.0,132.6,33.129286726124185,147.7,115.408125,26.31261865210227
Tari Eason,HOU,PF,22.0,215.0,27.0,153.0,31.0,19.0,127.0,34.327063934493175,120.39999999999998,104.36928571428571,26.219069556065637
Ochai Agbaji,UTA,SG,51.0,274.0,47.0,126.0,27.0,29.0,149.8,31.971405427958615,139.90000000000003,133.784375,26.16112745204829
Caleb Houstan,ORL,SF,59.0,253.0,29.0,84.0,15.0,4.0,125.7,34.440926851527834,113.8,106.342,26.160611320470053
Bismack Biyombo,2TM,C,40.0,174.0,53.0,209.0,11.0,37.0,126.80000000000003,33.591904531848265,131.75,113.92700000000002,26.126738437506468
Sandro Mamukelashvili,SAS,C,46.0,190.0,49.0,147.0,7.0,12.0,117.10000000000001,35.24014371668014,107.19999999999999,93.87071428571429,26.12255667529352
Bojan Bogdanović,NYK,SF,29.0,303.0,26.0,58.0,7.0,1.0,138.79999999999998,33.107508772807215,123.99999999999999,122.22812499999998,26.10546664086882
Danilo Gallinari,WAS,PF,26.0,181.0,31.0,76.0,6.0,3.0,94.7,37.196579878615346,82.8,76.32411764705883,26.033078281859176
Dāvis Bertāns,CHO,PF,28.0,246.0,26.0,51.0,23.0,9.0,117.00000000000001,35.15737457141681,96.64999999999999,104.77833333333335,26.03277189100454
Omer Yurtseven,UTA,C,48.0,222.0,29.0,208.0,8.0,18.0,138.80000000000004,32.48711193861794,136.1,121.68437500000005,25.951861995835884
Marcus Morris,PHI,PF,37.0,247.0,26.0,109.0,13.0,11.0,128.20000000000002,33.72763624881901,113.64999999999999,115.1221052631579,25.91929672593648
Ricky Council IV,PHI,SG,32.0,173.0,16.0,46.0,8.0,1.0,82.5,37.86022569929256,78.69999999999999,64.8521052631579,25.887166326178363
Bismack Biyombo,MEM,C,30.0,156.0,51.0,191.0,10.0,34.0,115.20000000000002,34.28957737608556,119.94999999999999,102.53058823529413,25.872002684779034
Derrick Rose,MEM,PG,24.0,191.0,78.0,45.0,8.0,2.0,102.0,35.885286635006786,94.0,88.01058823529412,25.806025672566907
Nick Smith Jr.,CHO,SG,51.0,302.0,59.0,72.0,10.0,7.0,148.70000000000002,31.168722969566712,142.5,139.64833333333334,25.786562207380385
KJ Martin,2TM,SF,60.0,224.0,51.0,131.0,22.0,12.0,129.4,33.238457322420345,119.3,116.787,25.785191332438767
Dominick Barlow,SAS,PF,33.0,144.0,36.0,113.0,12.0,14.0,90.00000000000001,37.144226567469644,85.8,64.0607142857143,25.761662264496632
KJ Martin,PHI,SF,58.0,214.0,50.0,128.0,20.0,11.0,124.30000000000001,33.66077888886367,114.6,110.8321052631579,25.738028721658406
Jalen Wilson,BRK,PF,43.0,214.0,45.0,131.0,11.0,4.0,122.30000000000001,33.99971216202967,111.94999999999999,100.96642857142858,25.69731416562702
Troy Brown Jr.,2TM,SF,59.0,247.0,60.0,144.0,24.0,3.0,142.30000000000004,31.611397361118218,131.15,130.97700000000003,25.55432803516856
Lamar Stevens,2TM,PF,38.0,272.0,28.0,127.0,23.0,22.0,144.3,31.497328831633226,129.5,133.17700000000002,25.536031169832288
Alex Len,SAC,C,48.0,120.0,50.0,128.0,11.0,33.0,87.99999999999999,36.59487149903729,88.6,62.91599999999998,25.417725310987112
Trey Jemison,MEM,C,23.0,171.0,27.0,133.0,12.0,28.0,104.4,34.895954903700606,99.6,90.65058823529412,25.413577907406882
Cody Martin,CHO,SF,28.0,211.0,104.0,109.0,32.0,18.0,132.0,32.128183109539854,123.04999999999998,121.27833333333334,25.31732415872661
Bones Hyland,LAC,PG,37.0,256.0,93.0,55.0,26.0,4.0,135.0,32.07151563328034,122.5,113.09857142857143,25.225270982188047
Trey Jemison,2TM,C,25.0,171.0,27.0,134.0,12.0,28.0,104.60000000000001,34.520489795918365,99.94999999999999,89.507,25.18204751386478
Sasha Vezenkov,SAC,PF,42.0,225.0,19.0,96.0,20.0,7.0,115.7,33.89919992288414,102.19999999999999,93.386,25.179366037854532
Chimezie Metu,PHO,C,37.0,185.0,19.0,110.0,19.0,9.0,102.60000000000001,34.96273483106681,89.85000000000001,81.42125,25.08946813885225
MarJon Beauchamp,MIL,SF,48.0,211.0,31.0,99.0,13.0,7.0,112.4,33.95010334551048,102.5,89.566,25.078401201918528
DeAndre Jordan,DEN,C,36.0,142.0,26.0,157.0,6.0,16.0,95.6,35.18036833256915,97.35,73.454375,25.072705987567815
Oshae Brissett,BOS,SF,55.0,201.0,44.0,160.0,19.0,8.0,123.9,32.81482823775352,114.79999999999998,99.24071428571429,25.05112054327225
Tristan Thompson,CLE,C,49.0,161.0,51.0,174.0,12.0,14.0,112.00000000000001,33.74396210891972,110.35,85.59153846153848,25.03362989300019
Kevin Knox,DET,SF,31.0,223.0,23.0,75.0,13.0,7.0,110.8,33.74200538074011,100.3,96.22,24.970881477704246
Keita Bates-Diop,2TM,SF,53.0,197.0,38.0,110.0,25.0,22.0,113.10000000000001,33.43062314879968,104.49999999999999,98.857,24.957820571490558
Johnny Juzang,UTA,SG,20.0,144.0,23.0,36.0,4.0,2.0,70.00000000000001,37.47494982290437,66.8,46.00437500000001,24.84614647430916
Cam Reddish,LAL,SF,48.0,260.0,48.0,99.0,47.0,14.0,139.5,30.90267302917443,128.85,117.09857142857143,24.810371371010028
Precious Achiuwa,TOR,C,25.0,193.0,44.0,136.0,16.0,12.0,116.0,32.874866440294284,104.05,104.50619047619047,24.769199491465947
Jarred Vanderbilt,LAL,PF,29.0,150.0,36.0,138.0,36.0,5.0,98.9,34.57825227866658,96.14999999999999,72.43857142857144,24.75323834481134
Brice Sensabaugh,UTA,SF,32.0,241.0,55.0,102.0,13.0,6.0,129.70000000000002,31.579501355702423,118.3,111.67437500000001,24.699034686743946
Troy Brown Jr.,MIN,SF,37.0,154.0,35.0,72.0,8.0,2.0,84.0,35.94717875770507,76.7,59.61,24.656604224493087
Svi Mykhailiuk,BOS,SF,41.0,162.0,35.0,51.0,11.0,1.0,83.19999999999999,35.99056067959614,75.64999999999999,54.47071428571427,24.567342543208674
Noah Clowney,BRK,PF,23.0,133.0,18.0,81.0,8.0,16.0,75.39999999999999,36.587112093670676,70.10000000000001,49.37642857142856,24.555727147680408
Seth Curry,2TM,SG,44.0,226.0,44.0,68.0,22.0,6.0,115.60000000000001,32.38075596063558,111.0,101.607,24.54995465735088
JaVale McGee,SAC,C,46.0,185.0,17.0,126.0,14.0,20.0,106.00000000000001,33.56088838697534,97.75,82.71600000000001,24.496527201677072
Eugene Omoruyi,WAS,SF,43.0,207.0,35.0,85.0,27.0,5.0,110.00000000000001,32.98480285883173,100.99999999999999,93.15411764705884,24.463154410970752
Jordan Goodwin,PHO,PG,40.0,198.0,78.0,117.0,23.0,9.0,121.40000000000002,32.14215396578538,105.5,102.10125000000002,24.451881608175864
Robert Covington,2TM,PF,29.0,127.0,24.0,97.0,39.0,18.0,80.70000000000002,35.61650282314983,77.4,63.21700000000001,24.443244568109712
Gordon Hayward,OKC,SF,26.0,138.0,42.0,64.0,12.0,1.0,77.7,36.06618782321933,71.39999999999999,49.16642857142857,24.31971311005676
Dalen Terry,CHI,SG,59.0,180.0,81.0,113.0,27.0,18.0,115.30000000000001,32.35923889623452,106.7,92.36285714285715,24.311880712497874
Keita Bates-Diop,PHO,SF,39.0,174.0,34.0,101.0,22.0,20.0,100.80000000000001,33.49237236473126,93.2,79.44125000000001,24.193802454852353
Malachi Flynn,DET,PG,24.0,192.0,51.0,43.0,19.0,2.0,97.70000000000002,33.83420417858977,84.4,81.81000000000002,24.192966990826562
Malachi Flynn,TOR,PG,31.0,157.0,73.0,65.0,18.0,6.0,92.8,33.911113169460016,85.2,78.98619047619047,24.092659802155485
JT Thor,CHO,PF,63.0,199.0,29.0,146.0,11.0,27.0,118.4,31.30792202525779,112.99999999999999,106.31833333333334,24.079801901189416
Matt Ryan,NOP,SF,28.0,152.0,18.0,40.0,6.0,1.0,73.1,36.061324509662875,65.8,44.657857142857125,24.031966994878264
Chris Duarte,SAC,SF,59.0,230.0,44.0,106.0,28.0,8.0,125.6,30.840636328834425,115.5,104.27599999999998,23.991533958415918
Shake Milton,3TM,SG,48.0,216.0,60.0,75.0,19.0,6.0,115.9,30.93743612239872,110.3,116.355,23.893074107062606
Stanley Umude,DET,SG,24.0,127.0,11.0,51.0,8.0,7.0,64.70000000000002,36.29236677542143,60.40000000000001,45.51000000000002,23.87633756683364
Andre Jackson Jr.,MIL,SG,57.0,125.0,50.0,113.0,16.0,6.0,84.79999999999998,34.67753113493254,75.1,59.20599999999998,23.875467496119903
Skylar Mays,2TM,SG,38.0,155.0,85.0,43.0,21.0,4.0,90.1,33.65025466116035,87.9,73.55699999999999,23.840065846209665
Gui Santos,GSW,PF,23.0,82.0,14.0,49.0,4.0,2.0,46.00000000000001,38.16267327283861,42.099999999999994,18.115625000000005,23.79485443701587
Xavier Tillman Sr.,BOS,PF,20.0,80.0,20.0,54.0,9.0,9.0,48.599999999999994,37.89860644663192,45.45,16.410714285714278,23.737387558357927
Xavier Tillman Sr.,MEM,C,34.0,204.0,57.0,157.0,42.0,35.0,132.10000000000002,29.459459144126775,122.5,121.12058823529414,23.699956065833362
Robert Covington,PHI,SF,26.0,118.0,17.0,89.0,33.0,16.0,73.3,35.08870697736708,69.05,54.73210526315789,23.66141077181438
Leaky Black,CHO,SF,26.0,69.0,24.0,48.0,8.0,11.0,43.900000000000006,37.89592600232532,40.85,24.368333333333332,23.65174656978404
Evan Fournier,DET,SG,29.0,208.0,45.0,54.0,25.0,7.0,106.2,31.745281830150994,103.30000000000001,91.16,23.637553054520527
Javon Freeman-Liberty,TOR,PG,22.0,153.0,40.0,70.0,10.0,4.0,84.60000000000001,34.0182482277448,70.30000000000001,69.96619047619049,23.542243340306783
Damian Jones,CLE,C,39.0,107.0,15.0,62.0,7.0,13.0,60.2,36.49562766135884,53.550000000000004,28.611538461538466,23.50955106285092
Evan Fournier,2TM,SG,32.0,220.0,48.0,58.0,29.0,7.0,112.8,30.842315007446533,109.89999999999999,98.52699999999999,23.488678225363508
Skylar Mays,POR,PG,21.0,133.0,75.0,37.0,14.0,3.0,77.30000000000001,34.292969294283274,75.30000000000001,58.21352941176471,23.449403520060173
Jontay Porter,TOR,PF,26.0,115.0,60.0,82.0,20.0,20.0,78.4,34.05215226160544,73.1,63.14619047619048,23.362804022974792
Anthony Gill,WAS,PF,50.0,189.0,34.0,94.0,13.0,11.0,103.6,31.621352441613585,92.95,86.11411764705882,23.229587626056546
Orlando Robinson,MIA,C,36.0,99.0,34.0,84.0,7.0,8.0,64.7,35.10516892129923,59.9,39.94,23.06959100464155
Lester Quiñones,GSW,SG,37.0,164.0,36.0,72.0,6.0,2.0,88.00000000000001,32.8703377675282,81.40000000000002,64.31562500000001,23.059802323828322
Zeke Nnaji,DEN,PF,58.0,186.0,32.0,126.0,15.0,38.0,111.30000000000001,30.45040995013531,105.6,90.72437500000001,23.019506074554762
Danuel House Jr.,PHI,SF,34.0,144.0,28.0,58.0,15.0,5.0,76.80000000000001,33.6330452589851,70.35,58.58210526315791,22.951917701308282
Julian Strawther,DEN,SF,50.0,227.0,47.0,61.0,17.0,7.0,114.80000000000003,30.116014145872235,104.3,94.57437500000002,22.936242919841057
Aleksej Pokusevski,2TM,PF,28.0,146.0,35.0,89.0,15.0,13.0,86.0,32.62465272069703,79.2,69.047,22.891418988571438
Nassir Little,PHO,SF,45.0,152.0,21.0,75.0,10.0,10.0,82.0,33.09112449799196,74.9,58.76124999999999,22.84124672030572
Ish Smith,CHO,PG,43.0,139.0,145.0,76.0,17.0,4.0,101.9,30.169787918311577,109.39999999999999,88.16833333333334,22.654251467427436
Patrick Baldwin Jr.,WAS,SF,38.0,168.0,29.0,123.0,18.0,15.0,100.89999999999999,30.473970142305323,93.39999999999999,83.1441176470588,22.437095199496298
Jay Huff,DEN,C,20.0,23.0,2.0,11.0,2.0,3.0,12.3,38.77156801007556,10.65,-18.175624999999997,22.207177405837058
Shake Milton,MIN,SG,38.0,178.0,50.0,51.0,16.0,5.0,93.5,30.550818234950317,90.0,70.06,22.044642497130535
Jarace Walker,IND,PF,33.0,120.0,40.0,63.0,15.0,11.0,71.19999999999999,32.8058344058344,64.05,41.01857142857142,21.938181711291755
Ousmane Dieng,OKC,PF,33.0,133.0,37.0,51.0,8.0,5.0,72.1,32.76312605902983,62.29999999999999,43.00642857142856,21.930912322493107
Kenneth Lofton Jr.,3TM,PF,21.0,96.0,33.0,38.0,6.0,5.0,53.70000000000001,33.64077434193713,46.5,47.93500000000001,21.78420495142315
Collin Gillespie,DEN,PG,24.0,87.0,27.0,21.0,13.0,0.0,45.7,34.660265212708666,40.3,18.564375,21.651060589641073
Devonte' Graham,SAS,PG,23.0,114.0,49.0,36.0,9.0,2.0,63.70000000000001,32.84669696908615,58.5,35.1307142857143,21.58753291697752
Kessler Edwards,SAC,SF,54.0,93.0,15.0,42.0,10.0,4.0,50.0,33.901167640418464,45.849999999999994,21.115999999999996,21.44151532773881
Jeremiah Robinson-Earl,NOP,PF,39.0,115.0,21.0,76.0,10.0,4.0,66.80000000000001,32.23812132940502,62.050000000000004,37.72785714285715,21.40224171619196
Seth Curry,DAL,SG,36.0,154.0,30.0,52.0,17.0,3.0,80.0,30.68374144650035,76.5,60.031666666666666,21.391504607206528
Reggie Bullock,HOU,SF,44.0,96.0,15.0,73.0,12.0,5.0,57.70000000000001,33.05867242291915,53.49999999999999,28.13928571428572,21.37068506957709
Ochai Agbaji,TOR,SG,27.0,181.0,36.0,90.0,20.0,15.0,101.10000000000001,28.44162106268049,94.10000000000001,88.11619047619048,21.304837404481308
Mike Muscala,3TM,C,53.0,157.0,36.0,125.0,9.0,13.0,97.2,28.35324011533946,90.3,95.785,21.197973253455775
Josh Minott,MIN,SF,32.0,50.0,8.0,17.0,5.0,5.0,26.0,35.72916469006958,23.75,-4.190000000000005,21.16410429361811
Jaden Springer,2TM,SG,49.0,163.0,44.0,78.0,36.0,15.0,94.69999999999999,28.802924908550636,90.5,78.61699999999999,21.157417499156427
Wesley Matthews,ATL,SG,36.0,110.0,23.0,53.0,16.0,11.0,61.900000000000006,32.276847547622,58.20000000000001,32.10928571428572,21.149965807064174
Olivier-Maxence Prosper,DAL,PF,40.0,121.0,22.0,79.0,7.0,4.0,69.70000000000002,31.294593985578498,64.6,48.70166666666668,21.115401514147205
Richaun Holmes,DAL,C,23.0,78.0,15.0,78.0,3.0,9.0,51.0,32.96374256509585,50.699999999999996,28.131666666666664,21.096646840476424
Vasilije Micić,OKC,PG,30.0,99.0,76.0,24.0,9.0,3.0,60.800000000000004,31.96442028985507,63.699999999999996,30.576428571428572,21.01588064487375
Rayan Rupert,POR,SG,39.0,155.0,62.0,92.0,12.0,3.0,94.30000000000001,28.70278771615981,86.30000000000001,76.91352941176471,20.982971862007773
Braxton Key,DEN,SF,20.0,22.0,9.0,18.0,2.0,1.0,14.5,36.49561890838207,13.5,-15.755625000000006,20.97994587757332
Trent Forrest,ATL,SG,38.0,83.0,92.0,51.0,11.0,3.0,63.20000000000001,31.723322488617935,59.20000000000001,33.53928571428572,20.8884474387623
Johnny Davis,WAS,SG,50.0,152.0,32.0,72.0,18.0,10.0,84.4,29.231309952080004,79.0,64.99411764705883,20.745055560332645
Ibou Badji,POR,C,22.0,34.0,13.0,51.0,3.0,20.0,28.700000000000006,34.04017595307918,32.8,4.75352941176471,20.51592122114911
A.J. Lawson,DAL,SG,42.0,136.0,20.0,50.0,10.0,3.0,69.7,30.118540631627884,65.7,48.70166666666667,20.42790848864464
Saben Lee,PHO,PG,24.0,71.0,30.0,31.0,7.0,3.0,41.60000000000001,32.912698632668146,37.4,14.321250000000006,20.380901243443866
Luka Šamanić,UTA,PF,43.0,177.0,19.0,102.0,5.0,7.0,96.2,27.59182268719566,88.1,74.824375,20.363470569579146
Furkan Korkmaz,PHI,SG,35.0,88.0,25.0,30.0,14.0,3.0,47.9,31.767422200441068,46.3,26.79210526315789,20.19760378752212
Cody Zeller,NOP,C,43.0,76.0,39.0,112.0,9.0,5.0,62.00000000000001,30.12325136520859,63.8,32.447857142857146,19.966057534754587
Jaden Springer,PHI,SG,32.0,128.0,35.0,58.0,25.0,11.0,73.4,28.808418780919908,70.1,54.842105263157904,19.903258367392674
Jalen Pickett,DEN,SG,27.0,42.0,21.0,14.0,4.0,0.0,24.2,33.62106355539435,23.2,-5.085625,19.826927359389906
Luka Garza,MIN,C,25.0,99.0,4.0,31.0,4.0,1.0,47.1,31.615926910299002,36.45,19.020000000000003,19.78619333581377
Jamal Cain,MIA,PF,26.0,97.0,10.0,37.0,10.0,5.0,49.7,31.17695568445119,43.449999999999996,23.439999999999994,19.78278394097614
Kobe Brown,LAC,PF,44.0,89.0,25.0,62.0,12.0,6.0,54.800000000000004,30.655561779769528,51.15,24.87857142857143,19.760022093487635
Garrett Temple,TOR,SG,27.0,88.0,28.0,45.0,12.0,3.0,51.300000000000004,30.61346309813463,48.0,33.33619047619048,19.71473746905646
Patty Mills,2TM,PG,32.0,127.0,34.0,35.0,20.0,1.0,66.7,29.31214848351001,57.300000000000004,47.817,19.697471572550477
Cory Joseph,GSW,PG,26.0,63.0,42.0,30.0,4.0,3.0,40.3,31.450581395348834,39.4,11.845624999999991,19.469664926186653
Jeenathan Williams,HOU,SG,22.0,63.0,7.0,23.0,4.0,1.0,31.700000000000003,32.37996802192782,29.800000000000004,-0.46071428571428896,19.455899069892112
Brandon Boston Jr.,LAC,SF,32.0,167.0,13.0,52.0,11.0,8.0,81.69999999999999,27.138963081130353,73.9,54.46857142857141,19.167146322124722
P.J. Tucker,2TM,PF,31.0,52.0,16.0,85.0,16.0,7.0,43.300000000000004,30.225520104370084,46.15,22.077,19.083905454631054
Mike Muscala,WAS,C,24.0,95.0,22.0,75.0,5.0,7.0,58.6,28.91628016591252,54.2,36.614117647058826,19.03669395011848
Isaiah Livers,DET,PF,23.0,114.0,25.0,48.0,13.0,5.0,62.0,28.442059228047466,54.39999999999999,42.54,18.9257548834047
P.J. Tucker,LAC,PF,28.0,46.0,16.0,71.0,13.0,5.0,37.6,30.688002714038987,39.55,5.958571428571428,18.860101765855838
Terry Taylor,CHI,PF,31.0,46.0,10.0,37.0,5.0,2.0,28.500000000000004,31.273911681803945,27.2,-3.1171428571428557,18.623211448750993
Julian Phillips,CHI,SF,40.0,89.0,13.0,36.0,7.0,7.0,46.80000000000001,29.50470946579194,42.7,17.012857142857147,18.595569433177445
Kira Lewis Jr.,3TM,PG,28.0,89.0,37.0,26.0,9.0,2.0,49.300000000000004,28.674603174603174,45.2,43.095000000000006,18.5897716154286
Jalen McDaniels,TOR,SF,50.0,169.0,37.0,79.0,19.0,6.0,93.30000000000001,24.702741357202125,85.79999999999998,79.53619047619048,18.57902068231457
Alec Burks,NYK,SG,23.0,149.0,20.0,40.0,7.0,1.0,72.39999999999999,26.203883629984706,69.1,49.188124999999985,18.207844043215985
Yuta Watanabe,PHO,SF,29.0,104.0,10.0,45.0,9.0,7.0,54.2,27.979892236484528,49.45,28.181250000000002,18.150848982428318
Chuma Okeke,ORL,SF,47.0,107.0,20.0,80.0,9.0,7.0,64.4,26.875300090528523,59.5,38.912000000000006,18.083442531818754
Yuta Watanabe,2TM,SF,34.0,117.0,15.0,54.0,12.0,7.0,62.500000000000014,26.87628194134797,57.25,43.19700000000001,18.05850580902837
Troy Brown Jr.,DET,SF,22.0,93.0,25.0,72.0,16.0,1.0,58.300000000000004,26.62956650679164,54.449999999999996,38.47,17.684445252500108
Moses Brown,POR,C,22.0,75.0,7.0,86.0,5.0,7.0,49.8,27.11858565307192,51.55,27.9635294117647,17.560830433131894
Dalano Banton,BOS,PG,24.0,56.0,19.0,35.0,5.0,3.0,34.0,28.20550002533698,28.700000000000003,0.3507142857142824,16.989582121170656
Chris Livingston,MIL,SF,21.0,26.0,5.0,21.0,2.0,0.0,15.8,29.725949975949977,14.600000000000001,-16.694000000000006,16.94189277334125
Onuralp Bitim,CHI,SG,23.0,80.0,13.0,32.0,3.0,2.0,41.5,27.224188164302152,38.60000000000001,11.182857142857134,16.929003637322435
Harry Giles,2TM,C,23.0,56.0,6.0,30.0,2.0,3.0,30.1,28.03991385498923,25.950000000000003,7.556999999999999,16.849172234430885
Markieff Morris,DAL,PF,26.0,66.0,16.0,39.0,5.0,3.0,38.2,27.192486279292623,34.85,14.05166666666667,16.80090126844767
Thanasis Antetokounmpo,MIL,PF,34.0,32.0,17.0,13.0,7.0,4.0,19.900000000000002,28.736637712079652,17.349999999999998,-12.183999999999994,16.565012624515965
Nathan Mensah,CHO,C,25.0,33.0,9.0,65.0,6.0,14.0,30.0,27.14166346153846,35.699999999999996,9.07833333333333,16.51205128062055
Taj Gibson,2TM,PF,20.0,34.0,11.0,37.0,3.0,7.0,24.200000000000003,27.258448609644493,24.3,1.0670000000000002,16.10707067294929
Colby Jones,SAC,SG,30.0,64.0,20.0,40.0,7.0,5.0,38.800000000000004,25.95341004986574,35.5,8.796,16.003921802798722
Justin Minaya,POR,SF,34.0,61.0,21.0,56.0,9.0,10.0,41.7,24.92896055292307,39.1,19.053529411764703,15.677544119904773
Wendell Moore Jr.,MIN,SG,25.0,18.0,6.0,12.0,5.0,1.0,11.4,27.831999999999997,10.700000000000001,-20.25,15.567554894437563
Admiral Schofield,ORL,PF,23.0,26.0,7.0,17.0,1.0,0.0,15.3,27.138793995859213,14.049999999999999,-15.098000000000003,15.384900007543088
Jerome Robinson,GSW,SG,22.0,31.0,5.0,6.0,1.0,3.0,15.000000000000002,24.43703312191684,14.5,-15.984375000000005,13.745915806169531
AJ Griffin,ATL,SF,20.0,48.0,5.0,18.0,1.0,2.0,24.100000000000005,21.292580576759963,21.749999999999996,-9.470714285714283,12.308026633886904
Jalen Hood-Schifino,LAL,SG,21.0,34.0,8.0,13.0,3.0,2.0,18.3,18.20878031510002,17.3,-16.22142857142857,10.125270068367461
Maxwell Lewis,LAL,SF,34.0,11.0,6.0,4.0,2.0,1.0,6.7,13.60140350372798,6.249999999999999,-28.981428571428584,6.669776766586559
Ryan Arcidiacono,NYK,PG,20.0,0.0,4.0,8.0,2.0,0.0,2.6000000000000005,2.8066666666666666,2.6000000000000005,-27.591875000000005,0.02055335084462929
