Rk,Player,Age,Team,Pos,G,GS,MP,FG,FGA,FG%,3P,3PA,3P%,2P,2PA,2P%,eFG%,FT,FTA,FT%,ORB,DRB,TRB,AST,STL,BLK,TOV,PF,PTS,Trp-Dbl,Awards,Player-additional
1,Luka Dončić,24,DAL,PG,70,70,2624,804,1652,.487,284,744,.382,520,908,.573,.573,478,608,.786,59,588,647,686,99,38,282,149,2370,21,MVP-3CPOY-6ASNBA1,doncilu01
2,Shai Gilgeous-Alexander,25,OKC,PG,75,75,2553,796,1487,.535,95,269,.353,701,1218,.576,.567,567,649,.874,65,350,415,465,150,67,162,184,2254,0,MVP-2DPOY-7CPOY-3ASNBA1,gilgesh01
3,Giannis Antetokounmpo,29,MIL,PF,73,73,2567,837,1369,.611,34,124,.274,803,1245,.645,.624,514,782,.657,196,645,841,476,87,79,250,210,2222,10,MVP-4DPOY-9CPOY-12ASNBA1,antetgi01
4,Jalen Brunson,27,NYK,PG,77,77,2726,790,1648,.479,211,526,.401,579,1122,.516,.543,421,497,.847,43,235,278,519,70,13,186,144,2212,0,MVP-5CPOY-5ASNBA2,brunsja01
5,Nikola Jokić,28,DEN,C,79,79,2737,822,1411,.583,83,231,.359,739,1180,.626,.612,358,438,.817,223,753,976,708,108,68,237,194,2085,25,MVP-1CPOY-4ASNBA1,jokicni01
6,Anthony Edwards,22,MIN,SG,79,78,2770,718,1558,.461,190,532,.357,528,1026,.515,.522,423,506,.836,52,378,430,405,101,42,241,141,2049,0,MVP-7CPOY-8ASNBA2,edwaran01
7,Kevin Durant,35,PHO,PF,75,75,2791,751,1436,.523,168,407,.413,583,1029,.567,.581,362,423,.856,41,454,495,378,69,91,244,133,2032,1,MVP-9ASNBA2,duranke01
8,Jayson Tatum,25,BOS,PF,74,74,2645,672,1426,.471,229,609,.376,443,817,.542,.552,414,497,.833,67,534,601,364,75,43,188,145,1987,0,MVP-6CPOY-9ASNBA1,tatumja01
9,De'Aaron Fox,26,SAC,PG,74,74,2659,720,1549,.465,214,580,.369,506,969,.522,.534,312,423,.738,67,273,340,418,150,31,194,193,1966,0,CPOY-12,foxde01
10,Stephen Curry,35,GSW,PG,74,74,2421,650,1445,.450,357,876,.408,293,569,.515,.573,299,324,.923,37,293,330,379,54,28,210,117,1956,0,CPOY-1ASNBA3,curryst01
11,DeMar DeRozan,34,CHI,SF,79,79,2989,650,1355,.480,75,225,.333,575,1130,.509,.507,522,612,.853,43,297,340,421,90,45,135,161,1897,0,CPOY-2,derozde01
12,Anthony Davis,30,LAL,C,76,76,2700,713,1283,.556,29,107,.271,684,1176,.582,.567,421,516,.816,239,722,961,266,91,178,159,177,1876,2,DPOY-4ASNBA2,davisan02
13,Devin Booker,27,PHO,PG,68,68,2447,642,1305,.492,152,418,.364,490,887,.552,.550,405,457,.886,56,252,308,472,61,28,178,206,1841,0,ASNBA3,bookede01
14,LeBron James,39,LAL,PF,71,71,2504,685,1269,.540,149,363,.410,536,906,.592,.599,303,404,.750,61,457,518,589,89,38,245,78,1822,5,CPOY-10ASNBA3,jamesle01
15,Tyrese Maxey,23,PHI,PG,70,70,2626,638,1419,.450,212,569,.373,426,850,.501,.524,328,378,.868,36,222,258,433,69,33,116,151,1816,0,MIP-1AS,maxeyty01
16,Paolo Banchero,21,ORL,PF,80,80,2799,640,1407,.455,119,351,.339,521,1056,.493,.497,405,559,.725,82,472,554,431,71,47,247,153,1804,2,AS,banchpa01
17,Damian Lillard,33,MIL,PG,73,73,2579,541,1277,.424,220,622,.354,321,655,.490,.510,473,514,.920,36,284,320,508,72,18,193,134,1775,0,CPOY-11AS,lillada01
18,Dejounte Murray,27,ATL,SG,78,78,2783,672,1463,.459,201,554,.363,471,909,.518,.528,208,262,.794,62,354,416,502,111,24,201,138,1753,1,,murrade01
19,Pascal Siakam,29,2TM,PF,80,80,2657,681,1271,.536,85,246,.346,596,1025,.581,.569,290,396,.732,139,426,565,342,63,25,141,193,1737,1,,siakapa01
19,Pascal Siakam,29,TOR,PF,39,39,1354,325,623,.522,46,145,.317,279,478,.584,.559,169,223,.758,54,192,246,190,32,10,83,87,865,0,,siakapa01
19,Pascal Siakam,29,IND,PF,41,41,1303,356,648,.549,39,101,.386,317,547,.580,.579,121,173,.699,85,234,319,152,31,15,58,106,872,1,,siakapa01
20,Paul George,33,LAC,PF,74,74,2502,582,1236,.471,243,588,.413,339,648,.523,.569,264,291,.907,37,351,388,262,113,37,153,202,1671,0,AS,georgpa01
21,Kawhi Leonard,32,LAC,SF,68,68,2330,610,1162,.525,140,336,.417,470,826,.569,.585,253,286,.885,84,332,416,244,111,59,119,97,1613,1,ASNBA2,leonaka01
22,Jaylen Brown,27,BOS,SF,70,70,2343,627,1256,.499,145,410,.354,482,846,.570,.557,211,300,.703,84,303,387,249,83,37,166,185,1610,1,AS,brownja02
23,Jalen Green,21,HOU,SG,82,82,2601,563,1332,.423,201,605,.332,362,727,.498,.498,283,352,.804,41,382,423,291,66,28,191,115,1610,1,,greenja05
24,Mikal Bridges,27,BRK,SF,82,82,2854,564,1294,.436,220,592,.372,344,702,.490,.521,258,317,.814,68,304,372,299,81,30,164,116,1606,0,,bridgmi01
25,Zion Williamson,23,NOP,PF,70,70,2207,624,1094,.570,6,18,.333,618,1076,.574,.573,347,494,.702,122,284,406,352,77,47,193,159,1601,0,,willizi01
26,Domantas Sabonis,27,SAC,C,82,82,2928,634,1068,.594,33,87,.379,601,981,.613,.609,292,415,.704,294,826,1120,673,74,48,272,250,1593,26,MVP-8DPOY-10NBA3,sabondo01
27,Kyle Kuzma,28,WAS,PF,70,70,2281,608,1313,.463,151,450,.336,457,863,.530,.521,186,240,.775,62,402,464,296,37,49,192,153,1553,0,,kuzmaky01
28,Victor Wembanyama,20,SAS,C,71,71,2106,551,1186,.465,128,394,.325,423,792,.534,.519,292,367,.796,161,594,755,274,88,254,260,153,1522,2,ROY-1DPOY-2,wembavi01
29,Coby White,23,CHI,PG,79,78,2881,541,1209,.447,209,556,.376,332,653,.508,.534,218,260,.838,44,314,358,405,53,18,166,186,1509,0,,whiteco01
30,Kyrie Irving,31,DAL,SG,58,58,2030,562,1131,.497,173,421,.411,389,710,.548,.573,190,210,.905,44,246,290,299,74,28,106,112,1487,0,CPOY-7,irvinky01
31,Jaren Jackson Jr.,24,MEM,C,66,66,2124,516,1162,.444,117,366,.320,399,796,.501,.494,337,417,.808,85,280,365,154,80,106,160,235,1486,0,,jacksja02
32,Cam Thomas,22,BRK,SG,66,51,2075,526,1190,.442,144,396,.364,382,794,.481,.503,286,334,.856,28,186,214,192,45,16,124,138,1482,0,,thomaca02
33,Donovan Mitchell,27,CLE,SG,55,55,1942,503,1089,.462,182,494,.368,321,595,.539,.545,275,318,.865,46,234,280,333,101,30,154,118,1463,0,AS,mitchdo01
34,Collin Sexton,25,UTA,SG,78,51,2075,506,1038,.487,128,325,.394,378,713,.530,.549,318,370,.859,71,134,205,383,62,18,165,154,1458,0,,sextoco01
35,Miles Bridges,25,CHO,SF,69,67,2581,559,1210,.462,157,450,.349,402,760,.529,.527,174,211,.825,71,434,505,231,65,33,138,118,1449,0,,bridgmi02
36,Franz Wagner,22,ORL,SF,72,72,2337,528,1096,.482,94,334,.281,434,762,.570,.525,271,319,.850,72,309,381,269,76,28,137,168,1421,0,,wagnefr01
37,Cade Cunningham,22,DET,PG,62,62,2074,524,1167,.449,119,335,.355,405,832,.487,.500,238,274,.869,33,235,268,464,56,22,212,153,1405,0,,cunnica01
38,Tyrese Haliburton,23,IND,PG,69,68,2224,500,1048,.477,195,535,.364,305,513,.595,.570,194,227,.855,35,236,271,752,83,48,159,75,1389,1,ASNBA3,halibty01
39,Trae Young,25,ATL,PG,54,54,1942,433,1008,.430,175,469,.373,258,539,.479,.516,348,407,.855,23,126,149,583,72,11,235,109,1389,0,AS,youngtr01
40,Klay Thompson,33,GSW,SF,77,63,2284,490,1133,.432,268,692,.387,222,441,.503,.551,127,137,.927,35,219,254,176,50,35,117,127,1375,0,,thompkl01
41,Nikola Vučević,33,CHI,C,76,74,2610,586,1211,.484,92,313,.294,494,898,.550,.522,106,129,.822,210,591,801,254,50,60,120,190,1370,0,,vucevni01
42,D'Angelo Russell,27,LAL,PG,76,69,2484,492,1080,.456,226,545,.415,266,535,.497,.560,159,192,.828,28,208,236,482,69,36,156,156,1369,0,,russeda01
43,Bam Adebayo,26,MIA,C,71,71,2416,530,1017,.521,15,42,.357,515,975,.528,.529,292,387,.755,159,578,737,278,81,66,162,159,1367,2,DPOY-3AS,adebaba01
44,Chet Holmgren,21,OKC,C,82,82,2413,505,953,.530,129,349,.370,376,604,.623,.598,218,275,.793,129,519,648,200,53,190,131,197,1357,0,ROY-2,holmgch01
45,Jordan Poole,24,WAS,SG,78,66,2346,490,1186,.413,184,564,.326,306,622,.492,.491,192,219,.877,32,180,212,343,86,25,188,244,1356,0,,poolejo01
46,Michael Porter Jr.,25,DEN,SF,81,81,2565,522,1079,.484,220,554,.397,302,525,.575,.586,92,110,.836,106,459,565,122,42,53,92,148,1356,0,,portemi01
47,Jalen Williams,22,OKC,PF,71,71,2223,536,993,.540,103,241,.427,433,752,.576,.592,180,221,.814,37,245,282,322,80,45,123,175,1355,0,CPOY-12,willija06
48,Joel Embiid,29,PHI,C,39,39,1309,450,851,.529,54,139,.388,396,712,.556,.561,399,452,.883,95,335,430,219,46,66,150,112,1353,2,AS,embiijo01
49,Karl-Anthony Towns,28,MIN,PF,62,62,2026,479,951,.504,136,327,.416,343,624,.550,.575,255,292,.873,94,421,515,189,43,41,177,204,1349,0,AS,townska01
50,Bogdan Bogdanović,31,ATL,SG,79,33,2401,471,1100,.428,240,641,.374,231,459,.503,.537,151,164,.921,53,219,272,247,96,26,112,179,1333,0,6MOY-5,bogdabo01
51,Brandon Ingram,26,NOP,SF,64,64,2103,500,1017,.492,86,242,.355,414,775,.534,.534,246,307,.801,43,281,324,363,50,40,163,145,1332,1,,ingrabr01
52,Alperen Şengün,21,HOU,C,63,63,2046,527,982,.537,33,111,.297,494,871,.567,.553,244,352,.693,183,406,589,312,76,46,162,211,1331,2,,sengual01
53,Devin Vassell,23,SAS,SG,68,62,2248,498,1056,.472,166,446,.372,332,610,.544,.550,161,201,.801,27,234,261,277,73,23,108,74,1323,0,,vassede01
54,CJ McCollum,32,NOP,PG,66,66,2159,484,1055,.459,239,557,.429,245,498,.492,.572,115,139,.827,39,247,286,305,62,41,110,126,1322,0,,mccolcj01
55,Myles Turner,27,IND,C,77,77,2076,476,909,.524,116,324,.358,360,585,.615,.587,245,317,.773,113,420,533,100,39,144,109,232,1313,0,,turnemy01
56,Austin Reaves,25,LAL,SG,82,57,2629,457,940,.486,154,420,.367,303,520,.583,.568,232,272,.853,57,295,352,450,66,25,174,153,1300,1,,reaveau01
57,Brandon Miller,21,CHO,SF,74,68,2383,476,1083,.440,184,493,.373,292,590,.495,.524,143,173,.827,60,255,315,175,66,42,132,184,1279,0,ROY-3,millebr02
58,Lauri Markkanen,26,UTA,PF,55,55,1820,427,890,.480,175,439,.399,252,451,.559,.578,249,277,.899,122,327,449,110,50,26,77,100,1278,0,,markkla01
59,Jarrett Allen,25,CLE,C,77,77,2442,519,819,.634,0,6,.000,519,813,.638,.634,233,314,.742,243,568,811,210,53,81,121,147,1271,0,DPOY-10,allenja01
60,Fred VanVleet,29,HOU,PG,73,73,2684,423,1018,.416,227,586,.387,196,432,.454,.527,197,229,.860,33,245,278,589,101,59,126,183,1270,0,,vanvlfr01
61,Donte DiVincenzo,27,NYK,SG,81,63,2360,445,1004,.443,283,705,.401,162,299,.542,.584,86,114,.754,63,234,297,216,107,36,113,166,1259,0,,divindo01
62,Jamal Murray,26,DEN,PG,59,59,1861,474,986,.481,145,341,.425,329,645,.510,.554,157,184,.853,42,200,242,384,57,39,125,104,1250,0,,murraja01
63,Jimmy Butler,34,MIA,PF,60,60,2042,396,793,.499,60,145,.414,336,648,.519,.537,394,459,.858,105,213,318,298,79,17,102,68,1246,1,,butleji01
64,Terry Rozier,29,2TM,SG,61,60,2040,442,998,.443,149,410,.363,293,588,.498,.518,172,198,.869,35,212,247,342,63,21,106,101,1205,0,,roziete01
64,Terry Rozier,29,CHO,SG,30,30,1065,252,549,.459,83,232,.358,169,317,.533,.535,109,129,.845,17,100,117,198,32,12,65,52,696,0,,roziete01
64,Terry Rozier,29,MIA,PG,31,30,975,190,449,.423,66,178,.371,124,271,.458,.497,63,69,.913,18,112,130,144,31,9,41,49,509,0,,roziete01
65,Tobias Harris,31,PHI,PF,70,70,2368,463,951,.487,91,258,.353,372,693,.537,.535,187,213,.878,80,373,453,217,70,46,93,115,1204,0,,harrito02
66,James Harden,34,LAC,PG,72,72,2470,352,822,.428,186,488,.381,166,334,.497,.541,302,344,.878,34,335,369,614,77,57,185,127,1192,3,,hardeja01
67,Scottie Barnes,22,TOR,SG,60,60,2094,447,942,.475,101,296,.341,346,646,.536,.528,196,251,.781,141,353,494,363,75,88,165,118,1191,4,AS,barnesc01
68,Jonathan Kuminga,21,GSW,PF,74,46,1949,456,862,.529,53,165,.321,403,697,.578,.560,223,299,.746,92,263,355,163,55,36,122,169,1188,0,,kuminjo01
69,Jaden Ivey,21,DET,SG,77,61,2217,417,973,.429,124,369,.336,293,604,.485,.492,227,303,.749,86,178,264,296,57,41,190,204,1185,0,,iveyja01
70,Keegan Murray,23,SAC,SF,77,77,2588,443,975,.454,183,511,.358,260,464,.560,.548,103,124,.831,106,314,420,129,79,59,64,205,1172,0,,murrake02
71,RJ Barrett,23,2TM,SG,58,58,1838,436,880,.495,90,250,.360,346,630,.549,.547,208,291,.715,53,262,315,193,31,22,126,129,1170,0,,barrerj01
71,RJ Barrett,23,NYK,SG,26,26,766,164,388,.423,43,130,.331,121,258,.469,.478,103,124,.831,19,92,111,63,12,9,47,45,474,0,,barrerj01
71,RJ Barrett,23,TOR,SG,32,32,1072,272,492,.553,47,120,.392,225,372,.605,.601,105,167,.629,34,170,204,130,19,13,79,84,696,0,,barrerj01
72,Immanuel Quickley,24,2TM,SG,68,38,1985,388,894,.434,171,433,.395,217,461,.471,.530,209,245,.853,17,242,259,331,50,10,101,119,1156,0,,quickim01
72,Immanuel Quickley,24,NYK,SG,30,0,720,152,335,.454,64,162,.395,88,173,.509,.549,82,94,.872,5,72,77,74,16,3,31,44,450,0,,quickim01
72,Immanuel Quickley,24,TOR,PG,38,38,1265,236,559,.422,107,271,.395,129,288,.448,.518,127,151,.841,12,170,182,257,34,7,70,75,706,0,,quickim01
73,Kristaps Porziņģis,28,BOS,C,57,57,1690,388,752,.516,110,293,.375,278,459,.606,.589,259,302,.858,97,312,409,115,42,111,89,156,1145,0,,porzikr01
74,Tim Hardaway Jr.,31,DAL,SF,79,12,2120,392,976,.402,211,597,.353,181,379,.478,.510,144,169,.852,22,232,254,139,42,6,69,106,1139,0,6MOY-9,hardati02
75,Jerami Grant,29,POR,PF,54,54,1830,383,850,.451,111,276,.402,272,574,.474,.516,255,312,.817,37,154,191,152,45,34,116,117,1132,0,,grantje01
76,Bobby Portis,28,MIL,PF,82,4,2008,466,918,.508,100,246,.407,366,672,.545,.562,98,124,.790,142,465,607,104,68,34,91,189,1130,0,6MOY-3,portibo01
77,Dennis Schröder,30,2TM,PG,80,58,2486,403,927,.435,138,368,.375,265,559,.474,.509,178,213,.836,39,203,242,488,63,17,153,164,1122,0,,schrode01
77,Dennis Schröder,30,TOR,PG,51,33,1559,247,559,.442,77,220,.350,170,339,.501,.511,127,149,.852,22,118,140,313,46,8,83,105,698,0,,schrode01
77,Dennis Schröder,30,BRK,PG,29,25,927,156,368,.424,61,148,.412,95,220,.432,.507,51,64,.797,17,85,102,175,17,9,70,59,424,0,,schrode01
78,Malik Monk,25,SAC,SG,72,0,1872,396,893,.443,148,423,.350,248,470,.528,.526,170,205,.829,28,184,212,370,45,39,150,156,1110,0,CPOY-126MOY-2,monkma01
79,Derrick White,29,BOS,SG,73,73,2381,387,839,.461,196,495,.396,191,344,.555,.578,137,152,.901,51,259,310,377,74,87,112,152,1107,1,DPOY-8,whitede01
80,Deni Avdija,23,WAS,SF,75,75,2257,406,803,.506,88,235,.374,318,568,.560,.560,202,273,.740,84,456,540,286,60,36,160,185,1102,0,,avdijde01
81,Julius Randle,29,NYK,PF,46,46,1630,395,836,.472,76,244,.311,319,592,.539,.518,236,302,.781,99,324,423,229,25,12,159,125,1102,1,AS,randlju01
82,Naz Reid,24,MIN,PF,81,14,1964,406,851,.477,169,408,.414,237,443,.535,.576,109,148,.736,73,350,423,106,63,73,111,172,1090,0,6MOY-1,reidna01
83,Keldon Johnson,24,SAS,SF,69,27,2038,391,862,.454,127,367,.346,264,495,.533,.527,175,221,.792,95,282,377,195,51,20,100,149,1084,0,,johnske04
84,Corey Kispert,24,WAS,SF,80,22,2067,386,794,.486,184,480,.383,202,314,.643,.602,114,157,.726,30,195,225,156,41,16,98,141,1070,0,,kispeco01
85,Rudy Gobert,31,MIN,C,76,76,2593,406,614,.661,0,3,.000,406,611,.664,.661,249,390,.638,285,697,982,102,52,162,118,238,1061,0,DPOY-1,goberru01
86,Norman Powell,30,LAC,SG,76,3,1990,373,768,.486,167,384,.435,206,384,.536,.594,143,172,.831,16,179,195,82,43,22,66,137,1056,0,6MOY-4,powelno01
87,Kelly Oubre Jr.,28,PHI,SF,68,52,2055,387,878,.441,101,325,.311,286,553,.517,.498,174,232,.750,94,247,341,101,77,47,87,194,1049,0,,oubreke01
88,Jabari Smith Jr.,20,HOU,PF,76,76,2424,378,833,.454,138,380,.363,240,453,.530,.537,150,185,.811,139,477,616,121,52,61,89,200,1044,0,,smithja05
89,Anfernee Simons,24,POR,SG,46,46,1582,360,837,.430,156,405,.385,204,432,.472,.523,163,178,.916,22,145,167,255,23,5,126,98,1039,0,,simonan01
90,Darius Garland,24,CLE,PG,57,57,1901,375,841,.446,132,356,.371,243,485,.501,.524,146,175,.834,30,122,152,373,74,7,176,95,1028,0,,garlada01
91,John Collins,26,UTA,PF,68,66,1901,397,746,.532,86,232,.371,311,514,.605,.590,147,185,.795,157,418,575,77,40,61,98,191,1027,0,,collijo01
92,Grayson Allen,28,PHO,SG,75,74,2513,340,682,.499,205,445,.461,135,237,.570,.649,129,147,.878,48,247,295,227,69,45,95,157,1014,0,,allengr01
93,Aaron Gordon,28,DEN,PF,73,73,2297,398,716,.556,40,138,.290,358,578,.619,.584,177,269,.658,174,297,471,259,56,45,105,142,1013,0,,gordoaa01
94,Buddy Hield,31,2TM,SF,84,42,2160,371,850,.436,219,568,.386,152,282,.539,.565,52,59,.881,61,208,269,236,70,42,103,169,1013,0,,hieldbu01
94,Buddy Hield,31,IND,SF,52,28,1336,229,517,.443,137,357,.384,92,160,.575,.575,28,33,.848,34,133,167,139,43,31,62,103,623,0,,hieldbu01
94,Buddy Hield,31,PHI,SG,32,14,824,142,333,.426,82,211,.389,60,122,.492,.550,24,26,.923,27,75,102,97,27,11,41,66,390,0,,hieldbu01
95,Jonas Valančiūnas,31,NOP,C,82,82,1925,402,719,.559,37,120,.308,365,599,.609,.585,161,205,.785,186,535,721,173,32,68,111,218,1002,0,,valanjo01
96,Harrison Barnes,31,SAC,PF,82,82,2381,347,732,.474,149,385,.387,198,347,.571,.576,157,196,.801,67,182,249,99,54,12,58,98,1000,0,,barneha02
97,Desmond Bane,25,MEM,SG,42,42,1443,360,776,.464,137,360,.381,223,416,.536,.552,140,161,.870,36,149,185,230,43,22,112,120,997,0,,banede01
98,Brook Lopez,35,MIL,C,79,79,2411,366,755,.485,148,404,.366,218,351,.621,.583,110,134,.821,117,292,409,127,43,189,79,191,990,0,,lopezbr01
99,Josh Giddey,21,OKC,SG,80,80,2011,402,847,.475,82,243,.337,320,604,.530,.523,100,124,.806,111,403,514,386,51,44,168,111,986,3,,giddejo01
100,Keyonte George,20,UTA,PG,75,44,2023,319,815,.391,147,440,.334,172,375,.459,.482,189,223,.848,15,196,211,332,36,7,188,91,974,0,,georgke01
101,Gary Trent Jr.,25,TOR,SG,71,41,1994,361,847,.426,178,453,.393,183,394,.464,.531,74,96,.771,25,163,188,119,77,10,47,96,974,0,,trentga02
102,Bradley Beal,30,PHO,SG,53,53,1767,377,735,.513,101,235,.430,276,500,.552,.582,109,134,.813,54,178,232,265,52,27,131,127,964,0,,bealbr01
103,Caris LeVert,29,CLE,SG,68,10,1958,345,820,.421,108,332,.325,237,488,.486,.487,154,201,.766,39,241,280,346,76,34,117,121,952,0,,leverca01
104,Jalen Suggs,22,ORL,SG,75,75,2025,336,714,.471,153,385,.397,183,329,.556,.578,118,156,.756,48,181,229,205,106,47,132,205,943,0,DPOY-10,suggsja01
105,Jordan Clarkson,31,UTA,SG,55,19,1682,337,816,.413,91,309,.294,246,507,.485,.469,177,201,.881,49,139,188,277,35,6,146,81,942,1,,clarkjo01
106,Andrew Wiggins,28,GSW,SF,71,59,1920,353,780,.453,91,254,.358,262,526,.498,.511,142,189,.751,108,213,321,119,42,41,87,147,939,0,,wiggian01
107,P.J. Washington,25,2TM,PF,73,45,2221,354,811,.436,132,413,.320,222,398,.558,.518,99,145,.683,85,326,411,141,72,59,96,169,939,0,,washipj01
107,P.J. Washington,25,CHO,PF,44,17,1286,227,509,.446,79,244,.324,148,265,.558,.524,67,94,.713,53,179,232,97,38,32,66,112,600,0,,washipj01
107,P.J. Washington,25,DAL,PF,29,28,935,127,302,.421,53,169,.314,74,133,.556,.508,32,51,.627,32,147,179,44,34,27,30,57,339,0,,washipj01
108,Cole Anthony,23,ORL,PG,81,0,1817,332,763,.435,93,275,.338,239,488,.490,.496,180,218,.826,64,247,311,236,64,37,126,175,937,0,,anthoco01
109,Ayo Dosunmu,24,CHI,SG,76,37,2212,360,719,.501,119,295,.403,241,424,.568,.583,85,105,.810,54,162,216,242,68,36,103,166,924,0,,dosunay01
110,Rui Hachimura,25,LAL,PF,68,39,1826,363,676,.537,98,232,.422,265,444,.597,.609,99,134,.739,58,236,294,81,41,25,46,101,923,0,,hachiru01
111,Deandre Ayton,25,POR,C,55,55,1784,427,749,.570,1,10,.100,426,739,.576,.571,65,79,.823,176,433,609,90,56,42,99,109,920,0,,aytonde01
112,Dillon Brooks,28,HOU,SF,72,72,2227,329,768,.428,133,370,.359,196,398,.492,.515,124,147,.844,53,193,246,119,64,10,88,241,915,0,,brookdi01
113,Jalen Johnson,22,ATL,SF,56,52,1889,359,702,.511,71,200,.355,288,502,.574,.562,107,147,.728,74,414,488,203,67,47,101,133,896,1,,johnsja05
114,De'Andre Hunter,26,ATL,SF,57,37,1681,304,663,.459,117,304,.385,187,359,.521,.547,166,196,.847,31,191,222,87,40,16,83,146,891,0,,huntede01
115,Malik Beasley,27,MIL,SG,79,77,2337,320,722,.443,224,542,.413,96,180,.533,.598,25,35,.714,41,249,290,108,59,9,54,158,889,0,,beaslma01
116,Jaime Jaquez Jr.,22,MIA,SF,75,20,2113,341,697,.489,65,202,.322,276,495,.558,.536,142,175,.811,82,203,285,195,77,20,110,167,889,0,ROY-46MOY-9,jaqueja01
117,Aaron Nesmith,24,IND,SF,72,47,1995,315,635,.496,140,334,.419,175,301,.581,.606,107,137,.781,63,212,275,108,65,49,64,241,877,0,,nesmiaa01
118,Tyler Herro,24,MIA,SG,42,40,1407,324,735,.441,132,333,.396,192,402,.478,.531,95,111,.856,19,203,222,188,30,3,93,63,875,0,,herroty01
119,Duncan Robinson,29,MIA,SF,68,36,1905,304,675,.450,187,473,.395,117,202,.579,.589,80,90,.889,15,158,173,192,46,16,95,163,875,0,,robindu01
120,Mike Conley,36,MIN,PG,76,76,2193,294,644,.457,179,405,.442,115,239,.481,.595,102,112,.911,37,181,218,449,88,17,102,128,869,0,,conlemi01
121,Scoot Henderson,19,POR,PG,62,32,1765,307,797,.385,87,268,.325,220,529,.416,.440,167,204,.819,53,141,194,336,48,13,212,195,868,0,,hendesc01
122,Moritz Wagner,26,ORL,C,80,1,1415,332,552,.601,38,115,.330,294,437,.673,.636,166,204,.814,117,230,347,96,39,21,97,160,868,0,,wagnemo01
123,Bojan Bogdanović,34,2TM,PF,57,27,1478,309,681,.454,133,334,.398,176,347,.507,.551,117,149,.785,22,130,152,97,30,5,101,95,868,0,6MOY-9,bogdabo02
123,Bojan Bogdanović,34,DET,PF,28,27,921,199,425,.468,86,207,.415,113,218,.518,.569,81,104,.779,13,81,94,71,23,4,63,57,565,0,,bogdabo02
123,Bojan Bogdanović,34,NYK,SF,29,0,557,110,256,.430,47,127,.370,63,129,.488,.521,36,45,.800,9,49,58,26,7,1,38,38,303,0,,bogdabo02
124,Saddiq Bey,24,ATL,SF,63,51,2062,290,697,.416,113,358,.316,177,339,.522,.497,170,203,.837,167,244,411,92,51,11,54,88,863,0,,beysa01
125,Jeremy Sochan,20,SAS,PF,74,73,2193,340,776,.438,70,227,.308,270,549,.492,.483,111,144,.771,137,339,476,249,62,40,140,168,861,0,,sochaje01
126,Luguentz Dort,24,OKC,SF,79,79,2246,288,657,.438,156,396,.394,132,261,.506,.557,128,155,.826,74,210,284,113,72,47,74,228,860,0,,dortlu01
127,Jrue Holiday,33,BOS,PG,69,69,2263,331,689,.480,138,322,.429,193,367,.526,.581,60,72,.833,84,289,373,333,61,53,124,108,860,0,DPOY-6,holidjr01
128,Bennedict Mathurin,21,IND,SF,59,19,1538,296,663,.446,80,214,.374,216,449,.481,.507,184,224,.821,60,174,234,119,35,14,97,117,856,0,,mathube01
129,Max Strus,27,CLE,SF,70,70,2239,304,728,.418,168,479,.351,136,249,.546,.533,77,97,.794,66,272,338,283,64,29,112,170,853,1,,strusma01
130,Obi Toppin,25,IND,PF,82,28,1730,332,579,.573,102,253,.403,230,326,.706,.661,77,100,.770,85,235,320,128,47,43,69,143,843,0,,toppiob01
131,Trey Murphy III,23,NOP,SF,57,23,1690,275,621,.443,169,445,.380,106,176,.602,.579,123,151,.815,42,238,280,124,51,28,34,70,842,0,,murphtr02
132,Nic Claxton,24,BRK,C,71,71,2116,366,582,.629,1,5,.200,365,577,.633,.630,108,196,.551,193,513,706,147,46,146,93,175,841,0,,claxtni01
133,Jalen Duren,20,DET,C,61,60,1777,349,564,.619,0,4,.000,349,560,.623,.619,143,181,.790,192,517,709,147,33,47,129,192,841,0,,durenja01
134,Herbert Jones,25,NOP,SF,76,76,2321,293,588,.498,114,273,.418,179,315,.568,.595,137,158,.867,74,198,272,199,105,62,93,224,837,0,DPOY-5,joneshe01
135,Clint Capela,29,ATL,C,73,73,1883,353,618,.571,0,1,.000,353,617,.572,.571,130,206,.631,335,441,776,91,43,106,74,164,836,0,,capelca01
136,Reggie Jackson,33,DEN,PG,82,23,1817,326,756,.431,102,284,.359,224,472,.475,.499,79,98,.806,33,122,155,308,44,13,106,149,833,0,,jacksre01
137,Jusuf Nurkić,29,PHO,C,76,76,2078,320,627,.510,22,90,.244,298,537,.555,.528,167,261,.640,224,613,837,301,81,80,175,254,829,0,,nurkiju01
138,Khris Middleton,32,MIL,SF,55,55,1487,317,643,.493,94,247,.381,223,396,.563,.566,100,120,.833,40,217,257,292,51,15,127,141,828,1,,middlkh01
139,Daniel Gafford,25,2TM,PF,74,66,1815,348,480,.725,0,0,,348,480,.725,.725,118,175,.674,195,367,562,115,65,153,74,227,814,0,,gaffoda01
139,Daniel Gafford,25,WAS,C,45,45,1192,203,294,.690,0,0,,203,294,.690,.690,84,119,.706,131,230,361,69,44,97,46,147,490,0,,gaffoda01
139,Daniel Gafford,25,DAL,PF,29,21,623,145,186,.780,0,0,,145,186,.780,.780,34,56,.607,64,137,201,46,21,56,28,80,324,0,,gaffoda01
140,Spencer Dinwiddie,30,2TM,PG,76,52,2152,251,640,.392,124,368,.337,127,272,.467,.489,169,210,.805,30,175,205,356,51,22,91,138,795,0,,dinwisp01
140,Spencer Dinwiddie,30,BRK,PG,48,48,1474,195,499,.391,89,278,.320,106,221,.480,.480,125,160,.781,26,132,158,288,38,9,62,86,604,0,,dinwisp01
140,Spencer Dinwiddie,30,LAL,PG,28,4,678,56,141,.397,35,90,.389,21,51,.412,.521,44,50,.880,4,43,47,68,13,13,29,52,191,0,,dinwisp01
141,Ivica Zubac,26,LAC,C,68,68,1794,337,519,.649,0,0,,337,519,.649,.649,120,166,.723,196,430,626,93,22,83,79,180,794,0,,zubaciv01
142,Tyus Jones,27,WAS,PG,66,66,1933,326,666,.489,106,256,.414,220,410,.537,.569,32,40,.800,20,159,179,485,71,18,66,48,790,1,,jonesty01
143,Payton Pritchard,26,BOS,PG,82,5,1825,297,635,.468,147,382,.385,150,253,.593,.583,46,56,.821,70,195,265,281,39,6,61,106,787,0,,pritcpa01
144,Evan Mobley,22,CLE,PF,50,50,1532,320,552,.580,22,59,.373,298,493,.604,.600,123,171,.719,111,357,468,160,45,72,90,134,785,0,,mobleev01
145,Grant Williams,25,2TM,PF,76,43,2130,276,605,.456,126,336,.375,150,269,.558,.560,106,140,.757,86,232,318,174,44,39,109,226,784,0,,willigr01
145,Grant Williams,25,DAL,PF,47,33,1242,131,317,.413,79,210,.376,52,107,.486,.538,41,55,.745,46,123,169,81,24,27,53,137,382,0,,willigr01
145,Grant Williams,25,CHO,PF,29,10,888,145,288,.503,47,126,.373,98,162,.605,.585,65,85,.765,40,109,149,93,20,12,56,89,402,0,,willigr01
146,Zach Collins,26,SAS,C,69,29,1526,298,616,.484,58,181,.320,240,435,.552,.531,122,162,.753,118,252,370,194,34,52,132,206,776,0,,colliza01
147,Cameron Johnson,27,BRK,PF,58,47,1599,276,619,.446,138,353,.391,138,266,.519,.557,86,109,.789,55,196,251,138,49,15,57,105,776,0,,johnsca02
148,Tre Jones,24,SAS,PG,77,48,2138,303,600,.505,64,191,.335,239,409,.584,.558,101,118,.856,58,231,289,478,78,9,116,92,771,1,,jonestr01
149,Georges Niang,30,CLE,PF,82,10,1831,284,632,.449,149,396,.376,135,236,.572,.567,51,60,.850,22,256,278,98,30,18,72,192,768,0,,niangge01
150,Kentavious Caldwell-Pope,30,DEN,SG,76,76,2402,270,587,.460,125,308,.406,145,279,.520,.566,101,113,.894,31,152,183,183,98,42,75,151,766,0,,caldwke01
151,Kelly Olynyk,32,2TM,C,78,27,1759,276,497,.555,60,155,.387,216,342,.632,.616,150,180,.833,108,303,411,347,74,30,152,230,762,0,,olynyke01
151,Kelly Olynyk,32,UTA,C,50,8,1019,145,258,.562,36,84,.429,109,174,.626,.632,80,95,.842,63,191,254,219,37,12,81,132,406,0,,olynyke01
151,Kelly Olynyk,32,TOR,C,28,19,740,131,239,.548,24,71,.338,107,168,.637,.598,70,85,.824,45,112,157,128,37,18,71,98,356,0,,olynyke01
152,Josh Hart,28,NYK,SF,81,42,2707,295,679,.434,80,258,.310,215,421,.511,.493,91,115,.791,128,547,675,331,75,23,118,171,761,6,,hartjo01
153,Jaden McDaniels,23,MIN,SF,72,71,2105,307,628,.489,86,255,.337,221,373,.592,.557,57,79,.722,56,168,224,101,63,42,87,219,757,0,,mcdanja02
154,Russell Westbrook,35,LAC,PG,68,11,1529,301,663,.454,42,154,.273,259,509,.509,.486,110,160,.688,93,250,343,306,74,23,144,121,754,1,6MOY-7,westbru01
155,Eric Gordon,35,PHO,SG,68,24,1893,274,618,.443,150,397,.378,124,221,.561,.565,51,64,.797,16,106,122,139,66,30,73,79,749,0,,gordoer01
156,OG Anunoby,26,2TM,SF,50,50,1702,282,577,.489,102,267,.382,180,310,.581,.577,67,89,.753,47,161,208,107,68,36,81,119,733,0,,anunoog01
156,OG Anunoby,26,TOR,SF,27,27,900,157,321,.489,61,163,.374,96,158,.608,.584,33,46,.717,24,82,106,72,28,13,43,62,408,0,,anunoog01
156,OG Anunoby,26,NYK,SF,23,23,802,125,256,.488,41,104,.394,84,152,.553,.568,34,43,.791,23,79,102,35,40,23,38,57,325,0,,anunoog01
157,T.J. McConnell,31,IND,PG,71,4,1291,330,593,.556,18,44,.409,312,549,.568,.572,49,62,.790,36,155,191,390,72,8,108,79,727,0,6MOY-7,mccontj01
158,Bruce Brown,27,2TM,SG,67,44,1866,278,582,.478,53,164,.323,225,418,.538,.523,117,142,.824,53,231,284,192,59,17,86,148,726,0,,brownbr01
158,Bruce Brown,27,IND,SG,33,33,981,149,314,.475,33,101,.327,116,213,.545,.527,67,82,.817,25,129,154,100,35,8,41,81,398,0,,brownbr01
158,Bruce Brown,27,TOR,PG,34,11,885,129,268,.481,20,63,.317,109,205,.532,.519,50,60,.833,28,102,130,92,24,9,45,67,328,0,,brownbr01
159,Alex Caruso,29,CHI,SG,71,57,2040,253,541,.468,136,333,.408,117,208,.563,.593,73,96,.760,62,211,273,247,120,70,102,181,715,0,DPOY-10,carusal01
160,Sam Hauser,26,BOS,SF,79,13,1741,249,558,.446,197,465,.424,52,93,.559,.623,17,19,.895,45,231,276,82,40,25,32,99,712,0,,hausesa01
161,GG Jackson II,19,MEM,PF,48,18,1233,241,563,.428,102,286,.357,139,277,.502,.519,115,153,.752,53,143,196,59,28,24,65,64,699,0,,jacksgg01
162,Taurean Prince,29,LAL,PF,78,49,2108,253,572,.442,141,356,.396,112,216,.519,.566,50,68,.735,21,209,230,119,58,35,73,146,697,0,,princta02
163,Simone Fontecchio,28,2TM,SF,66,43,1644,252,548,.460,134,334,.401,118,214,.551,.582,54,66,.818,64,182,246,101,44,23,68,110,692,0,,fontesi01
163,Simone Fontecchio,28,UTA,SF,50,34,1160,161,358,.450,91,233,.391,70,125,.560,.577,32,40,.800,52,124,176,73,30,18,51,81,445,0,,fontesi01
163,Simone Fontecchio,28,DET,SF,16,9,484,91,190,.479,43,101,.426,48,89,.539,.592,22,26,.846,12,58,70,28,14,5,17,29,247,0,,fontesi01
164,Malaki Branham,20,SAS,PG,75,29,1594,271,628,.432,93,268,.347,178,360,.494,.506,55,63,.873,28,120,148,156,27,8,91,94,690,0,,branhma01
165,Alec Burks,32,2TM,SG,66,1,1212,210,569,.369,124,330,.376,86,239,.360,.478,145,167,.868,24,126,150,88,28,12,48,75,689,0,,burksal01
165,Alec Burks,32,DET,SG,43,0,901,160,406,.394,99,247,.401,61,159,.384,.516,121,134,.903,16,94,110,68,21,11,32,64,540,0,,burksal01
165,Alec Burks,32,NYK,SG,23,1,311,50,163,.307,25,83,.301,25,80,.313,.383,24,33,.727,8,32,40,20,7,1,16,11,149,0,,burksal01
166,Brandin Podziemski,20,GSW,SG,74,28,1968,271,597,.454,90,234,.385,181,363,.499,.529,50,79,.633,118,309,427,273,61,14,88,122,682,0,ROY-5,podzibr01
167,Andre Drummond,30,CHI,C,79,10,1351,267,480,.556,0,3,.000,267,477,.560,.556,129,218,.592,265,443,708,37,73,48,81,140,663,0,,drumman01
168,Terance Mann,27,LAC,SG,75,71,1873,254,493,.515,71,204,.348,183,289,.633,.587,79,95,.832,87,167,254,119,43,15,48,145,658,0,,mannte01
169,Derrick Jones Jr.,26,DAL,SF,76,66,1783,239,495,.483,82,239,.343,157,256,.613,.566,97,136,.713,82,168,250,75,53,51,65,121,657,0,,jonesde02
170,Nickeil Alexander-Walker,25,MIN,SG,82,20,1921,236,538,.439,131,335,.391,105,203,.517,.560,52,65,.800,35,132,167,204,64,42,76,143,655,0,,alexani01
171,Kevin Huerter,25,SAC,SG,64,59,1562,248,560,.443,123,341,.361,125,219,.571,.553,36,47,.766,38,186,224,166,45,23,53,135,655,0,,huertke01
172,Santi Aldama,23,MEM,PF,61,35,1618,247,568,.435,106,304,.349,141,264,.534,.528,54,87,.621,72,280,352,138,43,54,69,89,654,0,,aldamsa01
173,Nick Richards,26,CHO,C,67,51,1759,260,376,.691,0,1,.000,260,375,.693,.691,132,179,.737,172,367,539,54,26,74,73,176,652,0,,richani01
174,Isaac Okoro,23,CLE,SF,69,42,1887,235,480,.490,84,215,.391,151,265,.570,.577,93,137,.679,67,139,206,132,57,34,54,140,647,0,,okorois01
175,Caleb Martin,28,MIA,SF,64,23,1756,241,559,.431,81,232,.349,160,327,.489,.504,77,99,.778,74,207,281,143,47,29,77,126,640,0,,martica02
176,Jabari Walker,21,POR,SF,72,23,1700,234,509,.460,41,139,.295,193,370,.522,.500,129,171,.754,151,357,508,71,42,22,66,173,638,0,,walkeja01
177,Isaiah Joe,24,OKC,SG,78,1,1445,222,485,.458,147,353,.416,75,132,.568,.609,45,52,.865,32,148,180,99,46,22,47,87,636,0,,joeis01
178,Andrew Nembhard,24,IND,PG,68,47,1697,260,522,.498,61,171,.357,199,351,.567,.557,45,56,.804,36,105,141,280,63,6,101,143,626,0,,nembhan01
179,Duop Reath,27,POR,C,68,20,1214,230,499,.461,88,245,.359,142,254,.559,.549,69,93,.742,93,157,250,67,33,38,52,161,617,0,,reathdu01
180,Malcolm Brogdon,31,POR,PG,39,25,1121,218,496,.440,82,199,.412,136,297,.458,.522,95,116,.819,28,120,148,214,27,8,60,58,613,0,,brogdma01
181,Royce O'Neale,30,2TM,SF,79,14,1954,214,539,.397,156,422,.370,58,117,.496,.542,24,35,.686,60,317,377,219,59,44,73,174,608,0,,onealro01
181,Royce O'Neale,30,BRK,SF,49,6,1202,126,325,.388,97,265,.366,29,60,.483,.537,15,22,.682,38,183,221,137,32,29,51,120,364,0,,onealro01
181,Royce O'Neale,30,PHO,SF,30,8,752,88,214,.411,59,157,.376,29,57,.509,.549,9,13,.692,22,134,156,82,27,15,22,54,244,0,,onealro01
182,Wendell Carter Jr.,24,ORL,C,55,48,1406,223,425,.525,64,171,.374,159,254,.626,.600,93,134,.694,112,269,381,95,35,28,68,121,603,0,,cartewe01
183,Jalen Smith,23,IND,C,61,14,1047,234,395,.592,61,144,.424,173,251,.689,.670,72,104,.692,112,225,337,63,17,38,44,124,601,0,,smithja04
184,Christian Braun,22,DEN,SG,82,4,1655,222,483,.460,63,164,.384,159,319,.498,.525,93,134,.694,79,227,306,132,42,35,55,137,600,0,,braunch01
185,Paul Reed,24,PHI,C,82,24,1590,259,480,.540,21,57,.368,238,423,.563,.561,61,85,.718,193,295,488,109,67,84,67,198,600,0,,reedpa01
186,Amen Thompson,21,HOU,SF,62,23,1388,239,446,.536,8,58,.138,231,388,.595,.545,106,155,.684,148,261,409,163,78,38,90,141,592,1,,thompam01
187,Marcus Sasser,23,DET,PG,71,11,1351,219,512,.428,90,240,.375,129,272,.474,.516,58,66,.879,11,114,125,236,44,12,90,103,586,0,,sassema01
188,Marvin Bagley III,24,2TM,C,50,25,1053,239,408,.586,9,23,.391,230,385,.597,.597,96,126,.762,130,182,312,55,20,33,59,81,583,0,,baglema01
188,Marvin Bagley III,24,DET,C,26,10,478,107,181,.591,1,6,.167,106,175,.606,.594,50,61,.820,46,72,118,27,5,14,29,40,265,0,,baglema01
188,Marvin Bagley III,24,WAS,C,24,15,575,132,227,.581,8,17,.471,124,210,.590,.599,46,65,.708,84,110,194,28,15,19,30,41,318,0,,baglema01
189,Isaiah Hartenstein,25,NYK,C,75,49,1896,235,365,.644,1,3,.333,234,362,.646,.645,111,157,.707,244,382,626,188,87,85,93,210,582,0,,harteis01
190,Dorian Finney-Smith,30,BRK,PF,68,56,1934,215,511,.421,117,336,.348,98,175,.560,.535,33,46,.717,109,208,317,107,56,38,59,150,580,0,,finnedo01
191,Cam Whitmore,19,HOU,SF,47,2,880,212,467,.454,79,220,.359,133,247,.538,.539,76,112,.679,44,136,180,33,30,17,46,64,579,0,,whitmca01
192,Cameron Payne,29,2TM,PG,78,10,1304,208,481,.432,104,267,.390,104,214,.486,.541,58,67,.866,21,96,117,205,42,11,66,126,578,0,,payneca01
192,Cameron Payne,29,MIL,PG,47,2,702,101,222,.455,52,131,.397,49,91,.538,.572,37,44,.841,5,57,62,109,22,3,31,73,291,0,,payneca01
192,Cameron Payne,29,PHI,PG,31,8,602,107,259,.413,52,136,.382,55,123,.447,.514,21,23,.913,16,39,55,96,20,8,35,53,287,0,,payneca01
193,Lonnie Walker IV,25,BRK,SG,58,0,1011,208,492,.423,104,271,.384,104,221,.471,.528,45,59,.763,13,114,127,74,32,20,51,71,565,0,,walkelo01
194,Precious Achiuwa,24,2TM,PF,74,18,1624,235,469,.501,26,97,.268,209,372,.562,.529,69,112,.616,191,296,487,97,46,68,83,143,565,0,,achiupr01
194,Precious Achiuwa,24,TOR,C,25,0,437,78,170,.459,13,47,.277,65,123,.528,.497,24,42,.571,50,86,136,44,16,12,29,40,193,0,,achiupr01
194,Precious Achiuwa,24,NYK,PF,49,18,1187,157,299,.525,13,50,.260,144,249,.578,.547,45,70,.643,141,210,351,53,30,56,54,103,372,0,,achiupr01
195,Al Horford,37,BOS,C,65,33,1740,214,419,.511,108,258,.419,106,161,.658,.640,26,30,.867,82,331,413,168,38,62,48,93,562,0,,horfoal01
196,Miles McBride,23,NYK,PG,68,14,1328,205,454,.452,109,266,.410,96,188,.511,.572,43,50,.860,31,69,100,114,50,7,30,108,562,0,,mcbrimi01
197,Onyeka Okongwu,23,ATL,C,55,8,1405,223,365,.611,23,69,.333,200,296,.676,.642,92,116,.793,145,231,376,74,26,60,45,162,561,0,,okongon01
198,Cason Wallace,20,OKC,SG,82,13,1692,217,442,.491,98,234,.419,119,208,.572,.602,29,37,.784,52,135,187,120,76,37,45,129,561,0,,wallaca01
199,Dalano Banton,24,2TM,PG,54,9,1047,202,500,.404,59,199,.296,143,301,.475,.463,94,120,.783,41,137,178,127,33,20,77,64,557,0,,bantoda01
199,Dalano Banton,24,BOS,PG,24,1,171,19,51,.373,2,16,.125,17,35,.486,.392,16,20,.800,12,23,35,19,5,3,10,20,56,0,,bantoda01
199,Dalano Banton,24,POR,PG,30,8,876,183,449,.408,57,183,.311,126,266,.474,.471,78,100,.780,29,114,143,108,28,17,67,44,501,0,,bantoda01
200,Ausar Thompson,21,DET,SF,63,38,1583,232,480,.483,21,113,.186,211,367,.575,.505,71,119,.597,129,273,402,120,68,59,84,175,556,0,,thompau01
201,Jakob Poeltl,28,TOR,C,50,50,1319,248,378,.656,0,0,,248,378,.656,.656,59,107,.551,146,283,429,127,35,76,77,149,555,0,,poeltja01
202,Aaron Wiggins,25,OKC,SG,78,4,1228,212,377,.562,62,126,.492,150,251,.598,.645,56,71,.789,60,126,186,86,56,19,56,91,542,0,,wiggiaa01
203,Trayce Jackson-Davis,23,GSW,PF,68,16,1130,233,332,.702,0,1,.000,233,331,.704,.702,74,132,.561,135,206,341,82,29,76,49,108,540,0,,jackstr02
204,Moses Moody,21,GSW,SG,66,9,1156,194,420,.462,72,200,.360,122,220,.555,.548,73,93,.785,65,131,196,57,42,24,44,90,533,0,,moodymo01
205,Chris Paul,38,GSW,PG,58,18,1531,206,467,.441,78,210,.371,128,257,.498,.525,43,52,.827,18,207,225,393,70,6,76,108,533,0,,paulch01
206,Bilal Coulibaly,19,WAS,SF,63,15,1715,188,432,.435,64,185,.346,124,247,.502,.509,92,131,.702,56,200,256,110,57,48,87,137,532,0,,coulibi01
207,Peyton Watson,21,DEN,SF,80,4,1488,208,447,.465,45,152,.296,163,295,.553,.516,71,106,.670,56,202,258,86,42,88,58,143,532,0,,watsope01
208,Jaden Hardy,21,DAL,SG,73,7,989,195,479,.407,81,224,.362,114,255,.447,.492,59,76,.776,20,111,131,109,22,4,62,80,530,0,,hardyja02
209,Toumani Camara,23,POR,PF,70,49,1739,197,438,.450,58,172,.337,139,266,.523,.516,75,99,.758,139,204,343,87,66,33,84,174,527,0,,camarto01
210,LaMelo Ball,22,CHO,PG,22,22,711,183,423,.433,70,197,.355,113,226,.500,.515,90,104,.865,29,84,113,176,40,4,83,79,526,1,,ballla01
211,Jordan Hawkins,21,NOP,SG,67,10,1160,174,456,.382,109,298,.366,65,158,.411,.501,67,80,.838,29,119,148,70,19,7,40,72,524,0,,hawkijo01
212,Vince Williams Jr.,23,MEM,SG,52,33,1436,169,379,.446,79,209,.378,90,170,.529,.550,104,130,.800,59,231,290,175,47,34,92,135,521,0,,willivi01
213,Walker Kessler,22,UTA,C,64,22,1493,229,350,.654,4,19,.211,225,331,.680,.660,56,93,.602,165,316,481,60,30,154,66,132,518,0,,kesslwa01
214,Talen Horton-Tucker,23,UTA,PG,51,11,1009,184,465,.396,60,182,.330,124,283,.438,.460,88,109,.807,21,100,121,177,45,19,65,94,516,0,,hortota01
215,Dario Šarić,29,GSW,C,64,9,1098,181,388,.466,74,197,.376,107,191,.560,.562,79,93,.849,73,210,283,144,31,10,78,112,515,0,,saricda01
216,Aaron Holiday,27,HOU,PG,78,1,1269,186,417,.446,84,217,.387,102,200,.510,.547,58,63,.921,23,100,123,140,42,6,53,125,514,0,,holidaa01
217,Gradey Dick,20,TOR,SG,60,17,1268,189,445,.425,88,241,.365,101,204,.495,.524,44,51,.863,27,105,132,68,34,2,50,87,510,0,,dickgr01
218,Shaedon Sharpe,20,POR,SG,32,25,1059,176,434,.406,60,180,.333,116,254,.457,.475,98,119,.824,42,118,160,94,28,12,72,88,510,0,,sharpsh01
219,Jeff Green,37,HOU,PF,78,6,1307,167,366,.456,53,160,.331,114,206,.553,.529,122,149,.819,46,132,178,70,16,31,46,100,509,0,,greenje02
220,Kyle Anderson,30,MIN,PF,79,10,1782,199,433,.460,11,48,.229,188,385,.488,.472,97,137,.708,60,213,273,331,71,47,91,128,506,0,,anderky01
221,Julian Champagnie,22,SAS,SF,74,59,1468,164,402,.408,101,277,.365,63,125,.504,.534,75,92,.815,42,164,206,103,48,42,57,77,504,0,,champju02
222,Isaiah Stewart,22,DET,PF,46,45,1423,186,382,.487,67,175,.383,119,207,.575,.575,64,85,.753,74,231,305,73,17,38,66,99,503,0,,stewais01
223,Gordon Hayward,33,2TM,SF,51,28,1245,187,403,.464,37,90,.411,150,313,.479,.510,89,120,.742,38,143,181,158,40,13,66,67,500,0,,haywago01
223,Gordon Hayward,33,CHO,SF,25,25,798,139,297,.468,22,61,.361,117,236,.496,.505,62,81,.765,25,92,117,116,28,12,51,46,362,0,,haywago01
223,Gordon Hayward,33,OKC,SF,26,3,447,48,106,.453,15,29,.517,33,77,.429,.524,27,39,.692,13,51,64,42,12,1,15,21,138,0,,haywago01
224,Cedi Osman,28,SAS,SF,72,3,1269,184,384,.479,86,221,.389,98,163,.601,.591,35,52,.673,25,155,180,119,36,11,47,107,489,0,,osmande01
225,Zach LaVine,28,CHI,SG,25,23,872,170,376,.452,59,169,.349,111,207,.536,.531,88,103,.854,8,121,129,98,21,8,52,57,487,0,,lavinza01
226,Kyle Lowry,37,2TM,PG,60,55,1690,163,377,.432,98,250,.392,65,127,.512,.562,63,75,.840,34,160,194,253,59,21,85,146,487,0,,lowryky01
226,Kyle Lowry,37,MIA,PG,37,35,1037,103,242,.426,62,161,.385,41,81,.506,.554,35,42,.833,25,104,129,147,39,15,53,94,303,0,,lowryky01
226,Kyle Lowry,37,PHI,PG,23,20,653,60,135,.444,36,89,.404,24,46,.522,.578,28,33,.848,9,56,65,106,20,6,32,52,184,0,,lowryky01
227,Kevin Love,35,MIA,PF,55,5,924,158,359,.440,84,244,.344,74,115,.643,.557,85,108,.787,59,279,338,115,18,10,48,97,485,0,,loveke01
228,Sam Merrill,27,CLE,SG,61,1,1069,158,393,.402,143,354,.404,15,39,.385,.584,26,28,.929,22,98,120,108,19,4,19,72,485,0,,merrisa01
229,Dereck Lively II,19,DAL,C,55,42,1294,221,296,.747,0,2,.000,221,294,.752,.747,41,81,.506,135,243,378,60,36,77,50,144,483,0,ROY-6,livelde01
230,Draymond Green,33,GSW,PF,55,52,1490,185,372,.497,51,129,.395,134,243,.551,.566,54,74,.730,76,322,398,332,55,47,135,166,475,1,,greendr01
231,Josh Green,23,DAL,SG,57,33,1505,179,374,.479,72,187,.385,107,187,.572,.575,39,57,.684,40,144,184,130,47,9,60,107,469,0,,greenjo02
232,Naji Marshall,26,NOP,SF,66,1,1257,170,367,.463,58,150,.387,112,217,.516,.542,68,86,.791,53,187,240,128,49,12,65,91,466,0,,marshna01
233,Amir Coffey,26,LAC,SF,70,13,1460,166,352,.472,70,184,.380,96,168,.571,.571,61,71,.859,29,119,148,76,41,14,33,102,463,0,,coffeam01
234,Ochai Agbaji,23,2TM,SG,78,28,1641,178,433,.411,62,211,.294,116,222,.523,.483,37,56,.661,74,142,216,83,47,44,64,117,455,0,,agbajoc01
234,Ochai Agbaji,23,UTA,SG,51,10,1003,106,249,.426,47,142,.331,59,107,.551,.520,15,20,.750,35,91,126,47,27,29,34,66,274,0,,agbajoc01
234,Ochai Agbaji,23,TOR,SG,27,18,638,72,184,.391,15,69,.217,57,115,.496,.432,22,36,.611,39,51,90,36,20,15,30,51,181,0,,agbajoc01
235,Patrick Beverley,35,2TM,PG,73,13,1462,158,379,.417,61,181,.337,97,198,.490,.497,74,90,.822,49,190,239,212,43,31,65,128,451,0,,beverpa01
235,Patrick Beverley,35,PHI,PG,47,5,919,104,241,.432,35,109,.321,69,132,.523,.504,51,63,.810,30,115,145,144,24,18,49,83,294,0,,beverpa01
235,Patrick Beverley,35,MIL,PG,26,8,543,54,138,.391,26,72,.361,28,66,.424,.486,23,27,.852,19,75,94,68,19,13,16,45,157,0,,beverpa01
236,James Wiseman,22,DET,C,63,6,1091,187,305,.613,0,2,.000,187,303,.617,.613,72,102,.706,110,226,336,54,12,39,66,141,446,0,,wisemja01
237,Trendon Watford,23,BRK,PF,63,2,856,164,311,.527,27,68,.397,137,243,.564,.571,77,97,.794,52,142,194,81,23,19,63,106,432,0,,watfotr01
238,Luke Kennard,27,MEM,SG,39,22,999,141,315,.448,107,238,.450,34,77,.442,.617,40,45,.889,11,102,113,136,20,2,54,39,429,0,,kennalu01
239,Patrick Williams,22,CHI,PF,43,30,1174,159,359,.443,59,148,.399,100,211,.474,.525,52,66,.788,46,120,166,66,40,33,57,87,429,0,,willipa01
240,Pat Connaughton,31,MIL,SF,76,3,1676,151,347,.435,82,238,.345,69,109,.633,.553,44,58,.759,51,188,239,161,40,19,49,99,428,0,,connapa01
241,Dante Exum,28,DAL,PG,55,17,1088,161,302,.533,53,108,.491,108,194,.557,.621,53,68,.779,25,124,149,157,22,5,49,85,428,0,,exumda01
242,Josh Richardson,30,MIA,SG,43,6,1103,154,347,.444,66,190,.347,88,157,.561,.539,51,54,.944,18,103,121,105,24,14,36,76,425,0,,richajo01
243,David Roddy,22,2TM,PF,65,13,1177,165,409,.403,48,164,.293,117,245,.478,.462,47,68,.691,53,158,211,80,27,11,57,72,425,0,,roddyda01
243,David Roddy,22,MEM,PF,48,13,1114,155,386,.402,47,156,.301,108,230,.470,.462,46,67,.687,51,149,200,76,25,11,54,68,403,0,,roddyda01
243,David Roddy,22,PHO,PF,17,0,63,10,23,.435,1,8,.125,9,15,.600,.457,1,1,1.000,2,9,11,4,2,0,3,4,22,0,,roddyda01
244,Vasilije Micić,30,2TM,PG,60,21,1176,159,370,.430,43,154,.279,116,216,.537,.488,61,75,.813,14,74,88,262,31,7,99,68,422,0,,micicva01
244,Vasilije Micić,30,OKC,PG,30,0,361,37,91,.407,11,45,.244,26,46,.565,.467,14,19,.737,1,23,24,76,9,3,29,22,99,0,,micicva01
244,Vasilije Micić,30,CHO,PG,30,21,815,122,279,.437,32,109,.294,90,170,.529,.495,47,56,.839,13,51,64,186,22,4,70,46,323,0,,micicva01
245,De'Anthony Melton,25,PHI,SG,38,33,1023,139,360,.386,77,214,.360,62,146,.425,.493,66,79,.835,28,113,141,114,60,16,39,84,421,0,,meltode01
246,Ziaire Williams,22,MEM,SF,51,15,1038,150,378,.397,58,189,.307,92,189,.487,.474,62,75,.827,35,145,180,75,36,9,66,85,420,0,,willizi02
247,Trey Lyles,28,SAC,PF,58,0,1158,143,321,.445,84,219,.384,59,102,.578,.576,49,70,.700,61,196,257,72,17,19,38,86,419,0,,lylestr01
248,Day'Ron Sharpe,22,BRK,C,61,1,921,168,294,.571,4,15,.267,164,279,.588,.578,75,123,.610,161,228,389,85,24,44,70,131,415,0,,sharpda01
249,Haywood Highsmith,27,MIA,PF,66,26,1366,153,329,.465,76,192,.396,77,137,.562,.581,23,36,.639,65,145,210,70,53,30,34,117,405,0,,highsha01
250,Jose Alvarado,25,NOP,PG,56,0,1028,142,345,.412,78,207,.377,64,138,.464,.525,35,52,.673,25,103,128,117,59,15,40,89,397,0,6MOY-6,alvarjo01
251,Jonathan Isaac,26,ORL,PF,58,2,914,146,286,.510,42,112,.375,104,174,.598,.584,59,82,.720,73,187,260,30,43,70,27,64,393,0,6MOY-9,isaacjo01
252,Isaiah Jackson,22,IND,C,59,3,771,155,233,.665,0,4,.000,155,229,.677,.665,73,102,.716,94,144,238,50,34,61,39,137,383,0,,jacksis01
253,Tre Mann,22,2TM,PG,41,28,987,145,316,.459,47,126,.373,98,190,.516,.533,45,59,.763,20,129,149,165,51,3,65,48,382,0,,manntr01
253,Tre Mann,22,OKC,PG,13,0,119,20,40,.500,8,19,.421,12,21,.571,.600,1,1,1.000,4,20,24,20,3,0,9,3,49,0,,manntr01
253,Tre Mann,22,CHO,PG,28,28,868,125,276,.453,39,107,.364,86,169,.509,.524,44,58,.759,16,109,125,145,48,3,56,45,333,0,,manntr01
254,Malachi Flynn,25,3TM,PG,69,0,876,136,325,.418,56,169,.331,80,156,.513,.505,52,71,.732,21,93,114,130,38,8,63,66,380,0,,flynnma01
254,Malachi Flynn,25,TOR,PG,31,0,474,56,137,.409,28,80,.350,28,57,.491,.511,17,22,.773,13,52,65,73,18,6,33,42,157,0,,flynnma01
254,Malachi Flynn,25,NYK,PG,14,0,60,9,23,.391,4,13,.308,5,10,.500,.478,9,11,.818,0,6,6,6,1,0,3,3,31,0,,flynnma01
254,Malachi Flynn,25,DET,PG,24,0,342,71,165,.430,24,76,.316,47,89,.528,.503,26,38,.684,8,35,43,51,19,2,27,21,192,0,,flynnma01
255,Drew Eubanks,26,PHO,C,75,6,1169,152,253,.601,3,3,1.000,149,250,.596,.607,72,93,.774,103,219,322,63,27,61,61,115,379,0,,eubandr01
256,Jake LaRavia,22,MEM,PF,35,6,806,118,303,.389,53,156,.340,65,147,.442,.477,90,109,.826,51,77,128,58,29,12,45,69,379,0,,laravja01
257,Davion Mitchell,25,SAC,PG,72,4,1101,146,323,.452,57,158,.361,89,165,.539,.540,30,42,.714,19,76,95,134,17,3,43,85,379,0,,mitchda01
258,Kris Murray,23,POR,SF,62,29,1348,145,366,.396,49,183,.268,96,183,.525,.463,37,56,.661,85,139,224,80,53,21,55,92,376,0,,murrakr01
259,Daniel Theis,31,2TM,C,60,3,1015,156,293,.532,26,71,.366,130,222,.586,.577,38,50,.760,85,159,244,61,21,51,42,127,376,0,,theisda01
259,Daniel Theis,31,IND,C,1,0,8,1,4,.250,0,1,.000,1,3,.333,.250,0,0,,0,0,0,0,0,0,0,1,2,0,,theisda01
259,Daniel Theis,31,LAC,C,59,3,1007,155,289,.536,26,70,.371,129,219,.589,.581,38,50,.760,85,159,244,61,21,51,42,126,374,0,,theisda01
260,Gary Harris,29,ORL,SG,54,27,1297,131,297,.441,76,205,.371,55,92,.598,.569,34,45,.756,24,67,91,87,49,14,31,91,372,0,,harriga01
261,Dennis Smith Jr.,26,BRK,PG,56,2,1059,147,338,.435,32,109,.294,115,229,.502,.482,43,58,.741,50,114,164,203,68,12,68,121,369,0,,smithde03
262,Jordan Goodwin,25,2TM,PG,57,12,1055,141,382,.369,42,141,.298,99,241,.411,.424,44,59,.746,88,165,253,155,48,18,56,76,368,0,,goodwjo01
262,Jordan Goodwin,25,PHO,PG,40,0,558,75,193,.389,23,80,.288,52,113,.460,.448,25,29,.862,40,77,117,78,23,9,29,43,198,0,,goodwjo01
262,Jordan Goodwin,25,MEM,PG,17,12,497,66,189,.349,19,61,.311,47,128,.367,.399,19,30,.633,48,88,136,77,25,9,27,33,170,0,,goodwjo01
263,Jordan Nwora,25,2TM,SF,52,1,712,138,299,.462,44,131,.336,94,168,.560,.535,44,53,.830,28,121,149,62,26,13,53,48,364,0,,nworajo01
263,Jordan Nwora,25,IND,SF,18,0,183,37,82,.451,11,36,.306,26,46,.565,.518,9,11,.818,8,25,33,18,6,1,12,19,94,0,,nworajo01
263,Jordan Nwora,25,TOR,SF,34,1,529,101,217,.465,33,95,.347,68,122,.557,.541,35,42,.833,20,96,116,44,20,12,41,29,270,0,,nworajo01
264,Quentin Grimes,23,2TM,SG,51,18,1025,122,328,.372,81,240,.338,41,88,.466,.495,34,45,.756,15,85,100,66,35,7,28,75,359,0,,grimequ01
264,Quentin Grimes,23,NYK,SG,45,18,910,113,286,.395,77,212,.363,36,74,.486,.530,24,34,.706,14,74,88,52,30,3,21,66,327,0,,grimequ01
264,Quentin Grimes,23,DET,SG,6,0,115,9,42,.214,4,28,.143,5,14,.357,.262,10,11,.909,1,11,12,14,5,4,7,9,32,0,,grimequ01
265,Jevon Carter,28,CHI,PG,72,0,1004,138,365,.378,77,234,.329,61,131,.466,.484,4,7,.571,11,49,60,94,37,16,36,71,357,0,,carteje01
266,Kris Dunn,29,UTA,PG,66,32,1249,147,313,.470,41,111,.369,106,202,.525,.535,22,32,.688,50,139,189,254,68,28,79,135,357,0,,dunnkr01
267,Dyson Daniels,20,NOP,PG,61,16,1358,139,311,.447,42,135,.311,97,176,.551,.514,34,53,.642,62,174,236,164,85,25,59,101,354,0,,daniedy01
268,Matisse Thybulle,26,POR,SF,65,19,1487,126,317,.397,80,231,.346,46,86,.535,.524,22,29,.759,30,106,136,90,113,49,40,93,354,0,,thybuma01
269,Nikola Jović,20,MIA,PF,46,38,896,127,281,.452,65,163,.399,62,118,.525,.568,33,47,.702,25,167,192,90,25,14,42,82,352,0,,jovicni01
270,Doug McDermott,32,2TM,SF,64,0,904,123,284,.433,94,229,.410,29,55,.527,.599,11,19,.579,10,49,59,70,16,2,28,64,351,0,,mcderdo01
270,Doug McDermott,32,SAS,SF,46,0,700,95,215,.442,76,173,.439,19,42,.452,.619,10,17,.588,8,40,48,57,11,2,24,48,276,0,,mcderdo01
270,Doug McDermott,32,IND,SF,18,0,204,28,69,.406,18,56,.321,10,13,.769,.536,1,2,.500,2,9,11,13,5,0,4,16,75,0,,mcderdo01
271,Larry Nance Jr.,31,NOP,C,61,0,1216,138,241,.573,27,65,.415,111,176,.631,.629,47,61,.770,94,213,307,113,61,19,49,98,350,0,,nancela02
272,Christian Wood,28,LAL,PF,50,1,872,123,264,.466,35,114,.307,88,150,.587,.532,66,94,.702,39,215,254,49,16,33,50,72,347,0,,woodch01
273,Markelle Fultz,25,ORL,PG,43,18,910,154,326,.472,4,18,.222,150,308,.487,.479,23,33,.697,56,82,138,120,42,15,50,65,335,0,,fultzma01
274,Luke Kornet,28,BOS,C,63,7,983,142,203,.700,1,1,1.000,141,202,.698,.702,49,54,.907,118,143,261,67,23,61,21,77,334,0,,kornelu01
275,Kevon Looney,27,GSW,C,74,36,1195,139,233,.597,0,1,.000,139,232,.599,.597,56,83,.675,143,276,419,133,28,29,50,155,334,0,,looneke01
276,Chimezie Metu,26,2TM,C,51,12,859,123,244,.504,28,94,.298,95,150,.633,.561,58,64,.906,41,153,194,46,43,16,52,71,332,0,,metuch01
276,Chimezie Metu,26,PHO,C,37,5,448,66,130,.508,15,51,.294,51,79,.646,.565,38,43,.884,24,86,110,19,19,9,27,39,185,0,,metuch01
276,Chimezie Metu,26,DET,C,14,7,411,57,114,.500,13,43,.302,44,71,.620,.557,20,21,.952,17,67,84,27,24,7,25,32,147,0,,metuch01
277,Landry Shamet,26,WAS,SG,46,5,726,118,274,.431,53,157,.338,65,117,.556,.527,38,46,.826,16,46,62,54,25,10,30,76,327,0,,shamela01
278,Garrison Mathews,27,ATL,SG,66,5,992,103,226,.456,85,193,.440,18,33,.545,.644,34,42,.810,17,75,92,37,20,8,19,115,325,0,,mathega01
279,Kenrich Williams,29,OKC,PF,69,1,1029,131,280,.468,56,141,.397,75,139,.540,.568,7,14,.500,61,148,209,93,38,9,32,101,325,0,,willike04
280,Chris Boucher,31,TOR,PF,50,0,705,110,217,.507,31,94,.330,79,123,.642,.578,71,92,.772,62,145,207,23,14,24,28,68,322,0,,bouchch01
281,Nicolas Batum,35,2TM,PF,60,38,1529,116,256,.453,73,185,.395,43,71,.606,.596,15,21,.714,70,178,248,128,48,38,40,109,320,0,,batumni01
281,Nicolas Batum,35,LAC,PF,3,0,54,3,8,.375,2,7,.286,1,1,1.000,.500,0,0,,0,7,7,5,3,4,1,5,8,0,,batumni01
281,Nicolas Batum,35,PHI,PF,57,38,1475,113,248,.456,71,178,.399,42,70,.600,.599,15,21,.714,70,171,241,123,45,34,39,104,312,0,,batumni01
282,Anthony Black,20,ORL,PG,69,33,1164,115,247,.466,37,94,.394,78,153,.510,.540,49,80,.613,33,106,139,91,35,21,56,110,316,0,,blackan01
283,Marcus Morris,34,2TM,PF,49,7,817,116,264,.439,48,119,.403,68,145,.469,.530,36,44,.818,23,111,134,36,15,13,30,74,316,0,,morrima03
283,Marcus Morris,34,PHI,PF,37,7,637,90,205,.439,36,90,.400,54,115,.470,.527,31,36,.861,18,91,109,26,13,11,19,61,247,0,,morrima03
283,Marcus Morris,34,CLE,PF,12,0,180,26,59,.441,12,29,.414,14,30,.467,.542,5,8,.625,5,20,25,10,2,2,11,13,69,0,,morrima03
284,Jae Crowder,33,MIL,PF,50,25,1156,114,270,.422,58,166,.349,56,104,.538,.530,26,36,.722,31,130,161,66,38,9,23,74,312,0,,crowdja01
285,Goga Bitadze,24,ORL,C,62,33,957,126,209,.603,2,14,.143,124,195,.636,.608,57,87,.655,109,177,286,79,32,72,44,107,311,0,,bitadgo01
286,Keon Ellis,24,SAC,SG,57,21,978,107,232,.461,70,168,.417,37,64,.578,.612,26,35,.743,32,92,124,85,51,29,37,112,310,0,,elliske01
287,Torrey Craig,33,CHI,SF,53,14,1049,108,251,.430,60,153,.392,48,98,.490,.550,27,36,.750,69,148,217,58,30,21,32,110,303,0,,craigto01
288,Jaxson Hayes,23,LAL,C,70,5,877,126,175,.720,0,8,.000,126,167,.754,.720,51,82,.622,69,142,211,33,34,29,43,123,303,0,,hayesja02
289,Bryce McGowens,21,CHO,SG,59,14,882,101,230,.439,34,102,.333,67,128,.523,.513,66,85,.776,17,85,102,51,21,10,30,74,302,0,,mcgowbr01
290,Nick Smith Jr.,19,CHO,SG,51,0,729,113,289,.391,63,146,.432,50,143,.350,.500,13,15,.867,18,54,72,59,10,7,39,55,302,0,,smithni01
291,Joe Ingles,36,ORL,SF,68,0,1169,99,227,.436,70,161,.435,29,66,.439,.590,28,34,.824,18,124,142,203,43,5,67,88,296,0,,inglejo01
292,Taylor Hendricks,20,UTA,PF,40,23,856,108,240,.450,53,140,.379,55,100,.550,.560,23,29,.793,46,139,185,32,28,30,27,77,292,,,hendrta01
293,Dean Wade,27,CLE,PF,54,32,1108,96,232,.414,79,202,.391,17,30,.567,.584,20,26,.769,37,181,218,43,40,25,20,93,291,0,,wadede01
294,Dāvis Bertāns,31,2TM,PF,43,1,674,92,234,.393,76,200,.380,16,34,.471,.556,30,33,.909,9,52,61,35,26,12,18,56,290,0,,bertada01
294,Dāvis Bertāns,31,OKC,PF,15,0,91,10,26,.385,10,24,.417,0,2,.000,.577,14,15,.933,2,8,10,9,3,3,1,10,44,0,,bertada01
294,Dāvis Bertāns,31,CHO,PF,28,1,583,82,208,.394,66,176,.375,16,32,.500,.553,16,18,.889,7,44,51,26,23,9,17,46,246,0,,bertada01
295,Killian Hayes,22,DET,PG,42,31,1008,117,283,.413,22,74,.297,95,209,.455,.452,33,50,.660,11,108,119,205,36,20,51,75,289,0,,hayeski01
296,Marcus Smart,29,MEM,PG,20,20,605,102,237,.430,42,134,.313,60,103,.583,.519,43,56,.768,6,47,53,86,41,5,62,53,289,0,,smartma01
297,Craig Porter Jr.,23,CLE,PG,51,6,649,116,228,.509,12,34,.353,104,194,.536,.535,41,56,.732,21,88,109,118,21,15,45,40,285,0,,portecr01
298,Max Christie,20,LAL,SG,67,7,944,103,241,.427,42,118,.356,61,123,.496,.515,36,46,.783,15,127,142,60,20,17,35,57,284,0,,chrisma02
299,Xavier Tillman Sr.,25,2TM,PF,54,15,974,121,279,.434,20,81,.247,101,198,.510,.470,22,50,.440,70,141,211,77,51,44,34,75,284,0,,tillmxa01
299,Xavier Tillman Sr.,25,MEM,C,34,13,700,87,213,.408,12,53,.226,75,160,.469,.437,18,43,.419,56,101,157,57,42,35,29,60,204,0,,tillmxa01
299,Xavier Tillman Sr.,25,BOS,PF,20,2,274,34,66,.515,8,28,.286,26,38,.684,.576,4,7,.571,14,40,54,20,9,9,5,15,80,0,,tillmxa01
300,Bruno Fernando,25,ATL,C,45,2,682,109,187,.583,0,4,.000,109,183,.596,.583,64,96,.667,59,134,193,46,25,28,44,107,282,0,,fernabr01
301,Danilo Gallinari,35,3TM,SF,49,0,630,83,190,.437,30,93,.323,53,97,.546,.516,84,98,.857,20,88,108,55,14,6,23,50,280,0,,gallida01
301,Danilo Gallinari,35,WAS,PF,26,0,385,57,131,.435,20,64,.313,37,67,.552,.511,47,56,.839,12,64,76,31,6,3,12,26,181,0,,gallida01
301,Danilo Gallinari,35,DET,SF,6,0,90,12,22,.545,7,12,.583,5,10,.500,.705,21,24,.875,2,12,14,12,2,2,1,9,52,0,,gallida01
301,Danilo Gallinari,35,MIL,SF,17,0,155,14,37,.378,3,17,.176,11,20,.550,.419,16,18,.889,6,12,18,12,6,1,10,15,47,0,,gallida01
302,Josh Okogie,25,PHO,SG,60,11,960,86,206,.417,29,94,.309,57,112,.509,.488,76,102,.745,74,80,154,64,48,24,36,68,277,0,,okogijo01
303,Jaylin Williams,21,OKC,C,69,1,897,95,228,.417,53,144,.368,42,84,.500,.533,33,41,.805,36,198,234,110,28,27,34,98,276,0,,willija07
304,Jock Landale,28,HOU,C,56,3,763,106,206,.515,10,40,.250,96,166,.578,.539,52,65,.800,88,84,172,65,20,33,31,74,274,0,,landajo01
305,Lamar Stevens,26,2TM,PF,38,3,559,108,240,.450,14,46,.304,94,194,.485,.479,42,54,.778,36,91,127,28,23,22,24,45,272,0,,stevela01
305,Lamar Stevens,26,BOS,PF,19,1,122,21,45,.467,3,8,.375,18,37,.486,.500,8,11,.727,12,19,31,8,6,5,9,14,53,0,,stevela01
305,Lamar Stevens,26,MEM,PF,19,2,437,87,195,.446,11,38,.289,76,157,.484,.474,34,43,.791,24,72,96,20,17,17,15,31,219,0,,stevela01
306,Scotty Pippen Jr.,23,MEM,PG,21,16,527,100,203,.493,30,72,.417,70,131,.534,.567,41,55,.745,22,45,67,98,36,10,56,60,271,0,,pippesc02
307,Blake Wesley,20,SAS,SG,61,3,876,102,215,.474,12,55,.218,90,160,.563,.502,52,78,.667,18,76,94,166,29,9,55,89,268,0,,weslebl01
308,Jae'Sean Tate,28,HOU,SF,65,9,1031,108,229,.472,23,77,.299,85,152,.559,.522,26,39,.667,61,136,197,64,42,15,37,137,265,0,,tateja01
309,Cam Reddish,24,LAL,SF,48,26,984,91,234,.389,37,110,.336,54,124,.435,.468,41,54,.759,27,72,99,48,47,14,31,64,260,0,,reddica01
310,Bones Hyland,23,LAC,PG,37,5,540,97,251,.386,44,135,.326,53,116,.457,.474,18,23,.783,5,50,55,93,26,4,44,51,256,0,,hylanbo01
311,Mo Bamba,25,PHI,C,57,17,740,97,198,.490,25,64,.391,72,134,.537,.553,34,50,.680,77,161,238,41,22,60,39,101,253,0,,bambamo01
312,Caleb Houstan,21,ORL,SF,59,13,815,80,206,.388,72,193,.373,8,13,.615,.563,21,26,.808,28,56,84,29,15,4,16,61,253,0,,houstca01
313,A.J. Green,24,MIL,SG,56,0,614,83,196,.423,69,169,.408,14,27,.519,.599,17,19,.895,9,55,64,30,9,4,12,49,252,0,,greenaj01
314,Ben Sheppard,22,IND,SG,57,1,814,90,229,.393,49,156,.314,41,73,.562,.500,23,26,.885,15,74,89,53,33,2,15,88,252,0,,sheppbe01
315,Jared Butler,23,WAS,SG,40,0,566,98,201,.488,24,78,.308,74,123,.602,.547,31,36,.861,9,49,58,126,29,8,50,58,251,0,,butleja02
316,Troy Brown Jr.,24,2TM,SF,59,15,827,84,226,.372,47,141,.333,37,85,.435,.476,32,37,.865,25,119,144,60,24,3,30,42,247,0,,browntr01
316,Troy Brown Jr.,24,MIN,SF,37,3,410,52,118,.441,31,84,.369,21,34,.618,.572,19,22,.864,14,58,72,35,8,2,18,26,154,0,,browntr01
316,Troy Brown Jr.,24,DET,SF,22,12,417,32,108,.296,16,57,.281,16,51,.314,.370,13,15,.867,11,61,72,25,16,1,12,16,93,0,,browntr01
317,Mason Plumlee,33,LAC,C,46,11,674,87,153,.569,0,6,.000,87,147,.592,.569,70,99,.707,60,174,234,55,14,17,36,68,244,0,,plumlma01
318,Mark Williams,22,CHO,C,19,19,508,98,151,.649,0,0,,98,151,.649,.649,46,64,.719,76,108,184,22,16,20,17,50,242,0,,willima07
319,Brice Sensabaugh,20,UTA,SF,32,11,584,85,218,.390,34,115,.296,51,103,.495,.468,37,41,.902,16,86,102,55,13,6,47,43,241,0,,sensabr01
320,Gary Payton II,31,GSW,SG,44,0,680,103,183,.563,20,55,.364,83,128,.648,.617,14,23,.609,46,67,113,48,39,18,27,77,240,0,,paytoga02
321,John Konchar,27,MEM,SF,55,23,1173,88,208,.423,38,120,.317,50,88,.568,.514,21,25,.840,72,185,257,110,51,51,46,76,235,0,,konchjo01
322,Justin Holiday,34,DEN,SG,58,9,862,88,194,.454,55,136,.404,33,58,.569,.595,3,4,.750,9,62,71,67,36,9,14,69,234,0,,holidju01
323,Chris Duarte,26,SAC,SF,59,11,719,80,210,.381,44,127,.346,36,83,.434,.486,26,33,.788,26,80,106,44,28,8,26,80,230,0,,duartch01
324,Julian Strawther,21,DEN,SF,50,0,545,82,222,.369,41,138,.297,41,84,.488,.462,22,31,.710,5,56,61,47,17,7,23,54,227,0,,strawju01
325,Ja Morant,24,MEM,PG,9,9,318,80,170,.471,14,51,.275,66,119,.555,.512,52,64,.813,6,44,50,73,7,5,27,19,226,0,,moranja01
326,Seth Curry,33,2TM,SG,44,4,616,80,204,.392,38,108,.352,42,96,.438,.485,28,31,.903,18,50,68,44,22,6,21,39,226,0,,curryse01
326,Seth Curry,33,DAL,SG,36,3,457,54,145,.372,29,80,.363,25,65,.385,.472,17,19,.895,15,37,52,30,17,3,16,32,154,0,,curryse01
326,Seth Curry,33,CHO,SG,8,1,159,26,59,.441,9,28,.321,17,31,.548,.517,11,12,.917,3,13,16,14,5,3,5,7,72,0,,curryse01
327,Sasha Vezenkov,28,SAC,PF,42,0,511,84,191,.440,45,120,.375,39,71,.549,.558,12,15,.800,30,66,96,19,20,7,12,42,225,0,,vezenal01
328,KJ Martin,23,2TM,SF,60,2,746,97,181,.536,8,28,.286,89,153,.582,.558,22,41,.537,41,90,131,51,22,12,32,100,224,0,,martike04
328,KJ Martin,23,LAC,SF,2,0,31,4,10,.400,1,5,.200,3,5,.600,.450,1,2,.500,1,2,3,1,2,1,2,3,10,0,,martike04
328,KJ Martin,23,PHI,SF,58,2,715,93,171,.544,7,23,.304,86,148,.581,.564,21,39,.538,40,88,128,50,20,11,30,97,214,0,,martike04
329,Bol Bol,24,PHO,PF,43,0,469,93,151,.616,22,52,.423,71,99,.717,.689,15,19,.789,32,105,137,17,10,25,19,42,223,0,,bolbo01
330,Kevin Knox,24,DET,SF,31,11,560,86,186,.462,31,94,.330,55,92,.598,.546,20,22,.909,18,57,75,23,13,7,22,50,223,0,,knoxke01
331,Omer Yurtseven,25,UTA,C,48,12,545,99,184,.538,5,24,.208,94,160,.588,.552,19,28,.679,72,136,208,29,8,18,37,52,222,0,,yurtsom01
332,Evan Fournier,31,2TM,SG,32,0,580,79,221,.357,33,130,.254,46,91,.505,.432,29,36,.806,5,53,58,48,29,7,21,48,220,0,,fournev01
332,Evan Fournier,31,NYK,SG,3,0,39,4,20,.200,2,15,.133,2,5,.400,.250,2,2,1.000,0,4,4,3,4,0,1,4,12,0,,fournev01
332,Evan Fournier,31,DET,SG,29,0,541,75,201,.373,31,115,.270,44,86,.512,.450,27,34,.794,5,49,54,45,25,7,20,44,208,0,,fournev01
333,Thomas Bryant,26,MIA,C,38,4,441,86,149,.577,4,22,.182,82,127,.646,.591,41,47,.872,40,101,141,23,10,16,21,46,217,0,,bryanth01
334,Shake Milton,27,3TM,SG,48,0,581,79,195,.405,18,64,.281,61,131,.466,.451,40,49,.816,14,61,75,60,19,6,31,54,216,0,,miltosh01
334,Shake Milton,27,MIN,SG,38,0,491,64,160,.400,14,53,.264,50,107,.467,.444,36,44,.818,7,44,51,50,16,5,28,44,178,0,,miltosh01
334,Shake Milton,27,DET,SG,4,0,63,11,26,.423,3,9,.333,8,17,.471,.481,2,3,.667,7,11,18,6,2,1,3,3,27,0,,miltosh01
334,Shake Milton,27,NYK,SG,6,0,27,4,9,.444,1,2,.500,3,7,.429,.500,2,2,1.000,0,6,6,4,1,0,0,7,11,0,,miltosh01
335,Tari Eason,22,HOU,PF,22,0,480,88,189,.466,18,50,.360,70,139,.504,.513,21,33,.636,46,107,153,27,31,19,20,51,215,0,,easonta01
336,Jalen Wilson,23,BRK,PF,43,3,664,76,179,.425,24,74,.324,52,105,.495,.492,38,46,.826,47,84,131,45,11,4,19,48,214,0,,wilsoja03
337,MarJon Beauchamp,23,MIL,SF,48,1,608,81,166,.488,30,75,.400,51,91,.560,.578,19,28,.679,22,77,99,31,13,7,27,54,211,0,,beaucma01
338,Cody Martin,28,CHO,SF,28,22,753,82,215,.381,27,86,.314,55,129,.426,.444,20,33,.606,19,90,109,104,32,18,44,48,211,0,,martico01
339,Delon Wright,31,2TM,PG,47,1,742,74,188,.394,25,68,.368,49,120,.408,.460,37,45,.822,19,67,86,119,54,11,14,32,210,0,,wrighde01
339,Delon Wright,31,WAS,PG,33,0,456,48,122,.393,14,38,.368,34,84,.405,.451,24,29,.828,13,46,59,82,35,8,11,22,134,0,,wrighde01
339,Delon Wright,31,MIA,PG,14,1,286,26,66,.394,11,30,.367,15,36,.417,.477,13,16,.813,6,21,27,37,19,3,3,10,76,0,,wrighde01
340,Dwight Powell,32,DAL,C,63,9,836,72,106,.679,1,3,.333,71,103,.689,.684,63,89,.708,97,117,214,84,26,20,32,113,208,0,,poweldw01
341,Eugene Omoruyi,26,WAS,SF,43,0,393,81,167,.485,13,46,.283,68,121,.562,.524,32,49,.653,35,50,85,35,27,5,21,62,207,0,,omorueu01
342,Oshae Brissett,25,BOS,SF,55,1,630,68,153,.444,15,55,.273,53,98,.541,.493,50,83,.602,61,99,160,44,19,8,20,54,201,0,,brissos01
343,JT Thor,21,CHO,PF,63,3,781,80,183,.437,28,81,.346,52,102,.510,.514,11,20,.550,43,103,146,29,11,27,15,60,199,0,,thorjt01
344,Richaun Holmes,30,2TM,C,40,10,555,82,147,.558,1,3,.333,81,144,.563,.561,34,47,.723,71,111,182,25,11,19,24,74,199,0,,holmeri01
344,Richaun Holmes,30,DAL,C,23,2,237,33,59,.559,0,0,,33,59,.559,.559,12,21,.571,33,45,78,15,3,9,12,33,78,0,,holmeri01
344,Richaun Holmes,30,WAS,PF,17,8,318,49,88,.557,1,3,.333,48,85,.565,.563,22,26,.846,38,66,104,10,8,10,12,41,121,0,,holmeri01
345,Keita Bates-Diop,28,2TM,SF,53,8,665,72,166,.434,21,69,.304,51,97,.526,.497,32,42,.762,31,79,110,38,25,22,15,35,197,0,,bateske01
345,Keita Bates-Diop,28,PHO,SF,39,8,597,64,150,.427,20,64,.313,44,86,.512,.493,26,36,.722,30,71,101,34,22,20,13,33,174,0,,bateske01
345,Keita Bates-Diop,28,BRK,SF,14,0,68,8,16,.500,1,5,.200,7,11,.636,.531,6,6,1.000,1,8,9,4,3,2,2,2,23,0,,bateske01
346,Jordan McLaughlin,27,MIN,PG,56,0,626,70,145,.483,42,89,.472,28,56,.500,.628,13,18,.722,18,54,72,110,35,7,19,31,195,0,,mclaujo01
347,Maxi Kleber,32,DAL,C,43,7,871,63,146,.432,32,92,.348,31,54,.574,.541,33,47,.702,30,113,143,68,17,30,28,79,191,0,,klebima01
348,Derrick Rose,35,MEM,PG,24,7,399,76,165,.461,15,41,.366,61,124,.492,.506,24,27,.889,7,38,45,78,8,2,31,21,191,0,,rosede01
349,Sandro Mamukelashvili,24,SAS,C,46,5,451,73,155,.471,19,64,.297,54,91,.593,.532,25,34,.735,45,102,147,49,7,12,19,35,190,0,,mamuksa01
350,Anthony Gill,31,WAS,PF,50,3,466,75,160,.469,10,41,.244,65,119,.546,.500,29,36,.806,37,57,94,34,13,11,23,48,189,0,,gillan01
351,Zeke Nnaji,23,DEN,PF,58,0,576,69,149,.463,6,23,.261,63,126,.500,.483,42,62,.677,61,65,126,32,15,38,27,81,186,0,,nnajize01
352,JaVale McGee,36,SAC,C,46,0,339,79,132,.598,1,7,.143,78,125,.624,.602,26,45,.578,42,84,126,17,14,20,34,46,185,0,,mcgeeja01
353,Dalen Terry,21,CHI,SG,59,2,681,69,157,.439,17,74,.230,52,83,.627,.494,25,43,.581,29,84,113,81,27,18,32,81,180,0,,terryda01
354,Luka Šamanić,24,UTA,PF,43,7,404,60,158,.380,13,64,.203,47,94,.500,.421,44,56,.786,22,80,102,19,5,7,28,32,177,0,,samanlu01
355,Bismack Biyombo,31,2TM,C,40,27,791,74,131,.565,0,0,,74,131,.565,.565,26,54,.481,62,147,209,53,11,37,42,89,174,0,,biyombi01
355,Bismack Biyombo,31,MEM,C,30,27,718,67,119,.563,0,0,,67,119,.563,.563,22,46,.478,57,134,191,51,10,34,38,82,156,0,,biyombi01
355,Bismack Biyombo,31,OKC,C,10,0,73,7,12,.583,0,0,,7,12,.583,.583,4,8,.500,5,13,18,2,1,3,4,7,18,0,,biyombi01
356,Ricky Council IV,22,PHI,SG,32,0,289,54,112,.482,12,32,.375,42,80,.525,.536,53,71,.746,14,32,46,16,8,1,5,17,173,0,,councri01
357,Jacob Gilyard,25,2TM,PG,41,14,699,60,150,.400,51,126,.405,9,24,.375,.570,2,2,1.000,9,37,46,137,33,5,30,39,173,0,,gilyaja01
357,Jacob Gilyard,25,MEM,PG,37,14,654,60,144,.417,51,120,.425,9,24,.375,.594,2,2,1.000,8,35,43,131,27,5,29,35,173,0,,gilyaja01
357,Jacob Gilyard,25,BRK,PG,4,0,45,0,6,.000,0,6,.000,0,0,,.000,0,0,,1,2,3,6,6,0,1,4,0,0,,gilyaja01
358,Mitchell Robinson,25,NYK,C,31,21,768,73,127,.575,0,0,,73,127,.575,.575,27,66,.409,142,121,263,18,37,35,25,55,173,0,,robinmi01
359,Trey Jemison,24,2TM,C,25,14,573,75,136,.551,0,0,,75,136,.551,.551,21,25,.840,64,70,134,27,12,28,34,69,171,0,,jemistr01
359,Trey Jemison,24,WAS,C,2,0,1,0,0,,0,0,,0,0,,,0,0,,0,1,1,0,0,0,1,0,0,0,,jemistr01
359,Trey Jemison,24,MEM,C,23,14,572,75,136,.551,0,0,,75,136,.551,.551,21,25,.840,64,69,133,27,12,28,33,69,171,0,,jemistr01
360,Jalen McDaniels,26,TOR,SF,50,1,538,65,189,.344,12,71,.169,53,118,.449,.376,27,37,.730,18,61,79,37,19,6,30,52,169,0,,mcdanja01
361,Patrick Baldwin Jr.,21,WAS,SF,38,7,493,59,155,.381,31,97,.320,28,58,.483,.481,19,28,.679,17,106,123,29,18,15,19,56,168,0,,baldwpa01
362,Brandon Boston Jr.,22,LAC,SF,32,0,345,65,161,.404,14,52,.269,51,109,.468,.447,23,33,.697,19,33,52,13,11,8,24,40,167,0,,bostobr01
363,Lester Quiñones,23,GSW,SG,37,0,394,56,141,.397,32,88,.364,24,53,.453,.511,20,29,.690,21,51,72,36,6,2,17,44,164,0,,quinole01
364,Monte Morris,28,2TM,PG,33,0,476,62,153,.405,27,70,.386,35,83,.422,.493,13,19,.684,7,50,57,69,19,9,7,14,164,0,,morrimo01
364,Monte Morris,28,DET,PG,6,0,68,12,33,.364,2,11,.182,10,22,.455,.394,1,2,.500,2,10,12,8,1,1,2,1,27,0,,morrimo01
364,Monte Morris,28,MIN,PG,27,0,408,50,120,.417,25,59,.424,25,61,.410,.521,12,17,.706,5,40,45,61,18,8,5,13,137,0,,morrimo01
365,Jaden Springer,21,2TM,SG,49,2,507,59,148,.399,10,48,.208,49,100,.490,.432,35,42,.833,33,45,78,44,36,15,34,66,163,0,,sprinja01
365,Jaden Springer,21,PHI,SG,32,1,377,46,118,.390,8,37,.216,38,81,.469,.424,28,34,.824,25,33,58,35,25,11,26,49,128,0,,sprinja01
365,Jaden Springer,21,BOS,SG,17,1,130,13,30,.433,2,11,.182,11,19,.579,.467,7,8,.875,8,12,20,9,11,4,8,17,35,0,,sprinja01
366,Svi Mykhailiuk,26,BOS,SF,41,2,413,57,137,.416,42,108,.389,15,29,.517,.569,6,9,.667,11,40,51,35,11,1,12,19,162,0,,mykhasv01
367,Tristan Thompson,32,CLE,C,49,0,549,73,120,.608,0,1,.000,73,119,.613,.608,15,52,.288,73,101,174,51,12,14,29,59,161,0,,thomptr01
368,Mike Muscala,32,3TM,C,53,6,600,56,156,.359,28,96,.292,28,60,.467,.449,17,25,.680,39,86,125,36,9,13,22,52,157,0,,muscami01
368,Mike Muscala,32,WAS,C,24,2,338,33,90,.367,14,51,.275,19,39,.487,.444,15,20,.750,22,53,75,22,5,7,16,31,95,0,,muscami01
368,Mike Muscala,32,DET,C,13,4,171,15,44,.341,13,34,.382,2,10,.200,.489,2,4,.500,10,19,29,10,3,5,2,13,45,0,,muscami01
368,Mike Muscala,32,OKC,C,16,0,91,8,22,.364,1,11,.091,7,11,.636,.386,0,1,.000,7,14,21,4,1,1,4,8,17,0,,muscami01
369,Rayan Rupert,19,POR,SG,39,12,633,54,161,.335,28,78,.359,26,83,.313,.422,19,25,.760,24,68,92,62,12,3,31,56,155,0,,ruperra01
370,Skylar Mays,26,2TM,SG,38,5,433,63,159,.396,16,54,.296,47,105,.448,.447,13,17,.765,10,33,43,85,21,4,20,26,155,0,,mayssk01
370,Skylar Mays,26,POR,PG,21,5,356,53,138,.384,14,49,.286,39,89,.438,.435,13,17,.765,9,28,37,75,14,3,18,20,133,0,,mayssk01
370,Skylar Mays,26,LAL,SG,17,0,77,10,21,.476,2,5,.400,8,16,.500,.524,0,0,,1,5,6,10,7,1,2,6,22,0,,mayssk01
371,Neemias Queta,24,BOS,C,28,0,333,67,104,.644,0,0,,67,104,.644,.644,20,28,.714,53,69,122,20,13,21,13,50,154,0,,quetane01
372,Javon Freeman-Liberty,24,TOR,PG,22,6,403,55,124,.444,10,42,.238,45,82,.549,.484,33,36,.917,16,54,70,40,10,4,25,28,153,0,,freemja01
373,Johnny Davis,21,WAS,SG,50,6,613,62,154,.403,14,40,.350,48,114,.421,.448,14,24,.583,18,54,72,32,18,10,13,57,152,0,,davisjo06
374,Nassir Little,23,PHO,SF,45,2,458,57,124,.460,21,70,.300,36,54,.667,.544,17,20,.850,14,61,75,21,10,10,14,39,152,0,,littlna01
375,Matt Ryan,26,NOP,SF,28,1,390,49,113,.434,41,91,.451,8,22,.364,.615,13,14,.929,6,34,40,18,6,1,19,32,152,0,,ryanma01
376,Jarred Vanderbilt,24,LAL,PF,29,6,581,59,114,.518,8,27,.296,51,87,.586,.553,24,36,.667,41,97,138,36,36,5,28,43,150,0,,vandeja01
377,Aleksej Pokusevski,22,2TM,PF,28,0,405,49,121,.405,18,55,.327,31,66,.470,.479,30,41,.732,17,72,89,35,15,13,19,22,146,0,,pokusal01
377,Aleksej Pokusevski,22,OKC,PF,10,0,60,4,16,.250,2,11,.182,2,5,.400,.313,2,4,.500,2,8,10,5,1,1,3,5,12,0,,pokusal01
377,Aleksej Pokusevski,22,CHO,PF,18,0,345,45,105,.429,16,44,.364,29,61,.475,.505,28,37,.757,15,64,79,30,14,12,16,17,134,0,,pokusal01
378,Dominick Barlow,20,SAS,PF,33,1,420,56,113,.496,3,9,.333,53,104,.510,.509,29,42,.690,45,68,113,36,12,14,9,47,144,0,,barlodo01
379,Danuel House Jr.,30,PHI,SF,34,4,509,47,105,.448,15,50,.300,32,55,.582,.519,35,46,.761,16,42,58,28,15,5,19,45,144,0,,houseda01
380,Johnny Juzang,22,UTA,SG,20,5,372,51,110,.464,32,77,.416,19,33,.576,.609,10,14,.714,7,29,36,23,4,2,13,29,144,0,,juzanjo01
381,DeAndre Jordan,35,DEN,C,36,2,396,58,93,.624,0,0,,58,93,.624,.624,26,53,.491,54,103,157,26,6,16,23,56,142,0,,jordade01
382,Ish Smith,35,CHO,PG,43,5,741,66,158,.418,4,8,.500,62,150,.413,.430,3,4,.750,11,65,76,145,17,4,47,49,139,0,,smithis01
383,Lindy Waters III,26,OKC,SG,38,0,280,49,104,.471,37,85,.435,12,19,.632,.649,2,2,1.000,7,33,40,24,5,7,7,23,137,0,,waterli01
384,Thaddeus Young,35,2TM,PF,33,6,439,65,108,.602,1,7,.143,64,101,.634,.606,6,15,.400,46,57,103,57,23,5,15,49,137,0,,youngth01
384,Thaddeus Young,35,TOR,PF,23,6,350,54,87,.621,1,6,.167,53,81,.654,.626,5,12,.417,29,46,75,50,18,3,11,38,114,0,,youngth01
384,Thaddeus Young,35,PHO,PF,10,0,89,11,21,.524,0,1,.000,11,20,.550,.524,1,3,.333,17,11,28,7,5,2,4,11,23,0,,youngth01
385,A.J. Lawson,23,DAL,SG,42,0,311,54,121,.446,13,50,.260,41,71,.577,.500,15,23,.652,14,36,50,20,10,3,14,22,136,0,,lawsoaj01
386,Vit Krejci,23,ATL,PG,22,14,541,51,104,.490,28,68,.412,23,36,.639,.625,5,6,.833,11,41,52,50,13,6,20,48,135,0,,krejcvi01
387,Noah Clowney,19,BRK,PF,23,4,370,50,93,.538,12,33,.364,38,60,.633,.602,21,30,.700,26,55,81,18,8,16,15,25,133,0,,clownno01
388,Ousmane Dieng,20,OKC,PF,33,0,365,49,116,.422,21,70,.300,28,46,.609,.513,14,16,.875,10,41,51,37,8,5,19,22,133,0,,diengou01
389,Stanley Umude,24,DET,SG,24,2,307,37,84,.440,24,53,.453,13,31,.419,.583,29,32,.906,8,43,51,11,8,7,14,40,127,0,,umudest01
390,Robert Covington,33,2TM,PF,29,6,488,43,98,.439,19,56,.339,24,42,.571,.536,22,26,.846,31,66,97,24,39,18,11,56,127,0,,covinro01
390,Robert Covington,33,LAC,PF,3,3,69,3,9,.333,2,8,.250,1,1,1.000,.444,1,2,.500,2,6,8,7,6,2,0,7,9,0,,covinro01
390,Robert Covington,33,PHI,SF,26,3,419,40,89,.449,17,48,.354,23,41,.561,.545,21,24,.875,29,60,89,17,33,16,11,49,118,0,,covinro01
391,Patty Mills,35,2TM,PG,32,5,415,46,131,.351,24,87,.276,22,44,.500,.443,11,11,1.000,9,26,35,34,20,1,16,32,127,0,,millspa02
391,Patty Mills,35,ATL,PG,19,0,202,19,51,.373,13,34,.382,6,17,.353,.500,0,0,,5,15,20,14,9,1,8,17,51,0,,millspa02
391,Patty Mills,35,MIA,PG,13,5,213,27,80,.338,11,53,.208,16,27,.593,.406,11,11,1.000,4,11,15,20,11,0,8,15,76,0,,millspa02
392,Andre Jackson Jr.,22,MIL,SG,57,8,572,50,100,.500,17,46,.370,33,54,.611,.585,8,11,.727,43,70,113,50,16,6,28,92,125,0,,jacksan01
393,Olivier-Maxence Prosper,21,DAL,PF,40,1,336,40,104,.385,13,45,.289,27,59,.458,.447,28,41,.683,25,54,79,22,7,4,8,20,121,0,,prospol01
394,Alex Len,30,SAC,C,48,0,444,50,81,.617,0,3,.000,50,78,.641,.617,20,34,.588,46,82,128,50,11,33,27,66,120,0,,lenal01
395,Jarace Walker,20,IND,PF,33,0,340,45,110,.409,22,55,.400,23,55,.418,.509,8,9,.889,12,51,63,40,15,11,17,29,120,0,,walkeja02
396,Yuta Watanabe,29,2TM,SF,34,0,464,41,116,.353,25,85,.294,16,31,.516,.461,10,17,.588,11,43,54,15,12,7,19,39,117,0,,watanyu01
396,Yuta Watanabe,29,PHO,SF,29,0,382,35,97,.361,24,75,.320,11,22,.500,.485,10,15,.667,11,34,45,10,9,7,16,34,104,0,,watanyu01
396,Yuta Watanabe,29,MEM,SF,5,0,82,6,19,.316,1,10,.100,5,9,.556,.342,0,2,.000,0,9,9,5,3,0,3,5,13,0,,watanyu01
397,Jontay Porter,24,TOR,PF,26,5,360,40,104,.385,20,60,.333,20,44,.455,.481,15,18,.833,26,56,82,60,20,20,21,35,115,0,,portejo01
398,Jeremiah Robinson-Earl,23,NOP,PF,39,1,334,45,95,.474,13,39,.333,32,56,.571,.542,12,16,.750,23,53,76,21,10,4,16,24,115,0,,robinje02
399,Devonte' Graham,28,SAS,PG,23,0,313,38,108,.352,25,83,.301,13,25,.520,.468,13,16,.813,5,31,36,49,9,2,17,14,114,0,,grahade01
400,Isaiah Livers,25,DET,PF,23,6,469,40,116,.345,22,77,.286,18,39,.462,.440,12,18,.667,15,33,48,25,13,5,16,43,114,0,,liveris01
401,Javonte Green,30,CHI,SF,9,5,230,45,75,.600,10,27,.370,35,48,.729,.667,10,13,.769,20,47,67,5,10,8,7,19,110,0,,greenja02
402,Wesley Matthews,37,ATL,SG,36,3,413,34,97,.351,24,69,.348,10,28,.357,.474,18,24,.750,9,44,53,23,16,11,8,43,110,0,,matthwe02
403,Damian Jones,28,CLE,C,39,0,270,43,72,.597,3,14,.214,40,58,.690,.618,18,21,.857,20,42,62,15,7,13,13,27,107,0,,jonesda03
404,Chuma Okeke,25,ORL,SF,47,8,432,40,112,.357,23,82,.280,17,30,.567,.460,4,7,.571,18,62,80,20,9,7,16,19,107,0,,okekech01
405,Tosan Evbuomwan,22,2TM,SF,17,8,367,36,71,.507,12,32,.375,24,39,.615,.592,17,25,.680,18,42,60,16,6,5,9,23,101,0,,evbuoto01
405,Tosan Evbuomwan,22,MEM,SF,4,0,74,4,15,.267,2,8,.250,2,7,.286,.333,0,0,,8,6,14,6,0,1,1,5,10,0,,evbuoto01
405,Tosan Evbuomwan,22,DET,SF,13,8,293,32,56,.571,10,24,.417,22,32,.688,.661,17,25,.680,10,36,46,10,6,4,8,18,91,0,,evbuoto01
406,Luka Garza,25,MIN,C,25,0,122,36,75,.480,9,32,.281,27,43,.628,.540,18,25,.720,19,12,31,4,4,1,6,24,99,0,,garzalu01
407,Orlando Robinson,23,MIA,C,36,7,304,36,72,.500,8,15,.533,28,57,.491,.556,19,25,.760,28,56,84,34,7,8,18,35,99,0,,robinor01
408,Jamal Cain,24,MIA,PF,26,1,259,34,79,.430,11,31,.355,23,48,.479,.500,18,23,.783,15,22,37,10,10,5,8,22,97,0,,cainja01
409,Reggie Bullock,32,HOU,SF,44,0,417,34,82,.415,27,67,.403,7,15,.467,.579,1,1,1.000,6,67,73,15,12,5,10,29,96,0,,bullore01
410,Kenneth Lofton Jr.,21,3TM,PF,21,0,199,36,78,.462,7,24,.292,29,54,.537,.506,17,26,.654,12,26,38,33,6,5,14,24,96,0,,loftoke01
410,Kenneth Lofton Jr.,21,MEM,PF,15,0,99,14,37,.378,3,10,.300,11,27,.407,.419,8,15,.533,2,13,15,14,3,3,6,15,39,0,,loftoke01
410,Kenneth Lofton Jr.,21,PHI,PF,2,0,9,1,6,.167,0,2,.000,1,4,.250,.167,0,0,,0,3,3,0,0,0,2,0,2,0,,loftoke01
410,Kenneth Lofton Jr.,21,UTA,PF,4,0,91,21,35,.600,4,12,.333,17,23,.739,.657,9,11,.818,10,10,20,19,3,2,6,9,55,0,,loftoke01
411,Kessler Edwards,23,SAC,SF,54,0,275,34,82,.415,20,52,.385,14,30,.467,.537,5,9,.556,9,33,42,15,10,4,4,26,93,0,,edwarke02
412,Ben Simmons,27,BRK,PG,15,12,359,43,74,.581,0,0,,43,74,.581,.581,6,15,.400,31,88,119,86,12,9,27,36,92,0,,simmobe01
413,Jericho Sims,25,NYK,C,45,11,585,38,55,.691,0,0,,38,55,.691,.691,16,24,.667,56,91,147,25,8,19,16,45,92,0,,simsje01
414,Kobe Brown,24,LAC,PF,44,0,394,37,90,.411,14,48,.292,23,42,.548,.489,1,2,.500,20,42,62,25,12,6,9,49,89,0,,brownko01
415,Justin Champagnie,22,WAS,SF,15,1,235,32,78,.410,13,45,.289,19,33,.576,.494,12,15,.800,19,34,53,19,10,9,10,14,89,0,,champju01
416,Julian Phillips,20,CHI,SF,40,0,323,32,77,.416,12,38,.316,20,39,.513,.494,13,19,.684,12,24,36,13,7,7,10,40,89,0,,phillju01
417,Kira Lewis Jr.,22,3TM,PG,28,0,265,34,92,.370,4,33,.121,30,59,.508,.391,17,20,.850,9,17,26,37,9,2,14,13,89,0,,lewiski01
417,Kira Lewis Jr.,22,NOP,PG,15,0,144,16,52,.308,2,20,.100,14,32,.438,.327,10,11,.909,4,10,14,18,5,1,8,8,44,0,,lewiski01
417,Kira Lewis Jr.,22,TOR,PG,1,0,2,0,0,,0,0,,0,0,,,0,0,,0,0,0,0,0,0,0,1,0,0,,lewiski01
417,Kira Lewis Jr.,22,UTA,PG,12,0,119,18,40,.450,2,13,.154,16,27,.593,.475,7,9,.778,5,7,12,19,4,1,6,4,45,0,,lewiski01
418,Furkan Korkmaz,26,PHI,SG,35,0,300,30,76,.395,14,40,.350,16,36,.444,.487,14,20,.700,4,26,30,25,14,3,10,17,88,0,,korkmfu01
419,Garrett Temple,37,TOR,SG,27,2,289,29,78,.372,12,40,.300,17,38,.447,.449,18,22,.818,18,27,45,28,12,3,14,28,88,0,,templga01
420,Collin Gillespie,24,DEN,PG,24,0,225,32,69,.464,15,38,.395,17,31,.548,.572,8,12,.667,1,20,21,27,13,0,14,24,87,0,,gilleco01
421,Tristan Vukcevic,20,WAS,C,10,4,153,29,67,.433,10,36,.278,19,31,.613,.507,17,22,.773,6,30,36,13,5,7,10,28,85,0,,vukcetr01
422,Trent Forrest,25,ATL,SG,38,0,414,34,90,.378,2,10,.200,32,80,.400,.389,13,17,.765,11,40,51,92,11,3,20,25,83,0,,forretr01
423,Jared Rhoden,24,DET,SG,17,0,245,33,66,.500,12,31,.387,21,35,.600,.591,5,8,.625,3,30,33,14,3,13,7,28,83,0,,rhodeja01
424,Gui Santos,21,GSW,PF,23,0,192,28,55,.509,10,27,.370,18,28,.643,.600,16,17,.941,17,32,49,14,4,2,7,23,82,0,,santogu01
425,Kobe Bufkin,20,ATL,SG,17,0,196,34,92,.370,9,40,.225,25,52,.481,.418,4,8,.500,6,27,33,27,7,5,10,20,81,0,,bufkiko01
426,Jaylen Nowell,24,2TM,SG,13,1,214,34,78,.436,6,29,.207,28,49,.571,.474,7,9,.778,6,18,24,19,4,2,7,15,81,0,,nowelja01
426,Jaylen Nowell,24,MEM,SG,9,1,156,22,55,.400,4,23,.174,18,32,.563,.436,3,3,1.000,3,11,14,16,3,0,5,13,51,0,,nowelja01
426,Jaylen Nowell,24,DET,SG,4,0,58,12,23,.522,2,6,.333,10,17,.588,.565,4,6,.667,3,7,10,3,1,2,2,2,30,0,,nowelja01
427,Onuralp Bitim,24,CHI,SG,23,1,268,32,84,.381,12,44,.273,20,40,.500,.452,4,5,.800,6,26,32,13,3,2,10,24,80,0,,bitimon01
428,Ashton Hagans,24,POR,PG,19,1,316,29,71,.408,8,25,.320,21,46,.457,.465,14,17,.824,14,31,45,54,11,9,30,40,80,0,,haganas01
429,Cody Zeller,31,NOP,C,43,0,320,26,62,.419,1,3,.333,25,59,.424,.427,23,38,.605,48,64,112,39,9,5,16,45,76,0,,zelleco01
430,Moses Brown,24,POR,C,22,5,200,33,65,.508,0,0,,33,65,.508,.508,9,31,.290,37,49,86,7,5,7,11,27,75,0,,brownmo01
431,Jules Bernard,24,WAS,SG,19,0,149,29,64,.453,11,29,.379,18,35,.514,.539,5,9,.556,10,16,26,16,3,1,8,14,74,0,,bernaju01
432,Saben Lee,24,PHO,PG,24,0,185,20,55,.364,2,16,.125,18,39,.462,.382,29,39,.744,9,22,31,30,7,3,8,13,71,0,,leesa01
433,Leaky Black,24,CHO,SF,26,3,284,25,52,.481,9,20,.450,16,32,.500,.567,10,15,.667,9,39,48,24,8,11,6,19,69,0,,blackle01
434,Brandon Clarke,27,MEM,PF,6,1,134,33,59,.559,1,6,.167,32,53,.604,.568,1,7,.143,13,19,32,9,5,6,3,8,68,0,,clarkbr01
435,Markieff Morris,34,DAL,PF,26,1,216,23,68,.338,15,42,.357,8,26,.308,.449,5,6,.833,4,35,39,16,5,3,12,12,66,0,,morrima02
436,Colby Jones,21,SAC,SG,30,0,192,28,71,.394,2,22,.091,26,49,.531,.408,6,11,.545,17,23,40,20,7,5,10,29,64,0,,jonesco02
437,Charles Bassey,23,SAS,C,19,0,205,29,40,.725,0,1,.000,29,39,.744,.725,5,6,.833,23,53,76,21,8,17,15,31,63,0,,bassech01
438,Cory Joseph,32,GSW,PG,26,0,296,23,64,.359,13,42,.310,10,22,.455,.461,4,7,.571,6,24,30,42,4,3,12,25,63,0,,josepco01
439,Jeenathan Williams,24,HOU,SG,22,0,129,27,50,.540,2,5,.400,25,45,.556,.560,7,13,.538,12,11,23,7,4,1,4,10,63,0,,willije02
440,Justin Minaya,24,POR,SF,34,1,381,22,74,.297,12,49,.245,10,25,.400,.378,5,9,.556,30,26,56,21,9,10,9,35,61,0,,minayju01
441,Théo Maledon,22,2TM,PG,17,1,213,20,70,.286,5,30,.167,15,40,.375,.321,14,15,.933,4,20,24,28,7,0,18,21,59,0,,maledth01
441,Théo Maledon,22,CHO,PG,13,1,200,19,66,.288,5,30,.167,14,36,.389,.326,11,12,.917,4,19,23,28,7,0,15,18,54,0,,maledth01
441,Théo Maledon,22,PHO,PG,4,0,13,1,4,.250,0,0,,1,4,.250,.250,3,3,1.000,0,1,1,0,0,0,3,3,5,0,,maledth01
442,Harry Giles,25,2TM,C,23,0,100,23,50,.460,3,14,.214,20,36,.556,.490,7,13,.538,12,18,30,6,2,3,6,15,56,0,,gilesha01
442,Harry Giles,25,BRK,C,16,0,81,22,44,.500,3,11,.273,19,33,.576,.534,7,13,.538,12,14,26,6,1,3,6,15,54,0,,gilesha01
442,Harry Giles,25,LAL,C,7,0,19,1,6,.167,0,3,.000,1,3,.333,.167,0,0,,0,4,4,0,1,0,0,0,2,0,,gilesha01
443,Brandon Williams,24,DAL,PG,17,0,113,20,54,.370,3,15,.200,17,39,.436,.398,11,17,.647,4,9,13,17,1,1,7,4,54,0,,willibr03
444,Micah Potter,25,UTA,PF,16,0,186,19,40,.475,9,21,.429,10,19,.526,.588,6,8,.750,10,33,43,6,4,6,5,14,53,0,,pottemi01
445,Jeff Dowtin,26,PHI,PG,12,0,142,20,36,.556,9,19,.474,11,17,.647,.681,3,4,.750,3,17,20,27,7,1,5,1,52,0,,dowtije01
446,Terquavion Smith,21,PHI,PG,16,0,84,18,46,.391,13,35,.371,5,11,.455,.533,3,5,.600,0,4,4,12,8,0,7,8,52,0,,smithte01
447,P.J. Tucker,38,2TM,PF,31,10,486,18,50,.360,13,35,.371,5,15,.333,.490,3,3,1.000,28,57,85,16,16,7,8,54,52,0,,tuckepj01
447,P.J. Tucker,38,PHI,PF,3,3,66,2,5,.400,2,5,.400,0,0,,.600,0,0,,1,13,14,0,3,2,2,9,6,0,,tuckepj01
447,P.J. Tucker,38,LAC,PF,28,7,420,16,45,.356,11,30,.367,5,15,.333,.478,3,3,1.000,27,44,71,16,13,5,6,45,46,0,,tuckepj01
448,James Bouknight,23,CHO,SG,14,0,81,18,41,.439,13,30,.433,5,11,.455,.598,1,2,.500,1,8,9,6,1,1,2,3,50,0,,bouknja01
449,Josh Minott,21,MIN,SF,32,0,91,17,36,.472,4,10,.400,13,26,.500,.528,12,14,.857,4,13,17,8,5,5,2,10,50,0,,minotjo01
450,Darius Bazley,23,2TM,PF,9,0,152,18,30,.600,2,8,.250,16,22,.727,.633,10,12,.833,8,20,28,7,6,7,8,3,48,0,,bazleda01
450,Darius Bazley,23,PHI,PF,3,0,10,0,1,.000,0,0,,0,1,.000,.000,0,0,,0,1,1,2,0,0,1,0,0,0,,bazleda01
450,Darius Bazley,23,UTA,PF,6,0,142,18,29,.621,2,8,.250,16,21,.762,.655,10,12,.833,8,19,27,5,6,7,7,3,48,0,,bazleda01
451,AJ Griffin,20,ATL,SF,20,0,171,18,62,.290,10,39,.256,8,23,.348,.371,2,2,1.000,2,16,18,5,1,2,8,6,48,0,,griffaj01
452,Mãozinha Pereira,23,MEM,SF,7,1,122,18,35,.514,5,13,.385,13,22,.591,.586,7,10,.700,11,26,37,2,6,4,5,10,48,0,,pereima01
453,Jahmi'us Ramsey,22,TOR,SG,7,1,121,18,41,.439,6,22,.273,12,19,.632,.512,5,6,.833,4,18,22,8,7,0,7,10,47,0,,ramseja01
454,Terry Taylor,24,CHI,PF,31,0,188,20,39,.513,2,9,.222,18,30,.600,.538,4,5,.800,17,20,37,10,5,2,7,17,46,0,,taylote01
455,Sidy Cissoko,19,SAS,SF,12,0,141,16,33,.485,1,12,.083,15,21,.714,.500,12,15,.800,8,14,22,10,7,3,3,18,45,0,,cissosi01
456,Boban Marjanović,35,HOU,C,14,0,71,18,34,.529,0,2,.000,18,32,.563,.529,9,14,.643,7,25,32,6,1,2,5,5,45,0,,marjabo01
457,Ryan Rollins,21,2TM,PG,13,0,78,14,27,.519,3,4,.750,11,23,.478,.574,13,17,.765,2,11,13,14,10,3,8,8,44,0,,rolliry01
457,Ryan Rollins,21,WAS,PG,10,0,66,13,25,.520,2,3,.667,11,22,.500,.560,13,17,.765,2,9,11,11,8,3,7,7,41,0,,rolliry01
457,Ryan Rollins,21,MIL,PG,3,0,12,1,2,.500,1,1,1.000,0,1,.000,.750,0,0,,0,2,2,3,2,0,1,1,3,0,,rolliry01
458,DeJon Jarreau,26,MEM,SG,9,0,150,17,50,.340,4,13,.308,13,37,.351,.380,5,11,.455,8,36,44,26,6,2,9,14,43,0,,jarrede01
459,Dylan Windler,27,3TM,SF,17,0,108,15,30,.500,13,27,.481,2,3,.667,.717,0,0,,3,13,16,10,2,0,2,6,43,0,,windldy01
459,Dylan Windler,27,NYK,SF,3,0,7,1,2,.500,1,2,.500,0,0,,.750,0,0,,0,1,1,1,0,0,0,1,3,0,,windldy01
459,Dylan Windler,27,LAL,SF,8,0,28,4,9,.444,4,8,.500,0,1,.000,.667,0,0,,0,3,3,6,0,0,0,2,12,0,,windldy01
459,Dylan Windler,27,ATL,SF,6,0,73,10,19,.526,8,17,.471,2,2,1.000,.737,0,0,,3,9,12,3,2,0,2,3,28,0,,windldy01
460,Armoni Brooks,25,BRK,PG,10,0,104,15,46,.326,11,32,.344,4,14,.286,.446,1,2,.500,7,11,18,5,1,1,3,3,42,0,,brookar01
461,Jalen Pickett,24,DEN,SG,27,0,122,15,35,.429,9,25,.360,6,10,.600,.557,3,4,.750,1,13,14,21,4,0,9,13,42,0,,pickeja02
462,Zavier Simpson,26,MEM,PG,7,0,161,17,54,.315,5,17,.294,12,37,.324,.361,3,4,.750,4,16,20,25,7,3,10,11,42,0,,simpsza01
463,Cole Swider,24,MIA,SF,18,0,87,15,38,.395,10,30,.333,5,8,.625,.526,2,2,1.000,1,6,7,5,1,1,8,4,42,0,,swideco01
464,Emoni Bates,20,CLE,SF,15,0,133,15,49,.306,10,33,.303,5,16,.313,.408,1,4,.250,1,13,14,10,1,2,8,5,41,0,,batesem01
465,T.J. Warren,30,MIN,SF,11,0,125,18,41,.439,2,13,.154,16,28,.571,.463,3,4,.750,5,17,22,9,4,1,4,11,41,0,,warretj01
466,Robert Williams,26,POR,C,6,0,119,17,26,.654,0,0,,17,26,.654,.654,7,9,.778,11,27,38,5,7,7,7,17,41,0,,williro04
467,Trevelin Queen,26,ORL,SG,14,0,165,14,38,.368,3,17,.176,11,21,.524,.408,9,12,.750,3,17,20,18,7,5,7,15,40,0,,queentr01
468,Joe Harris,32,DET,SG,16,0,170,14,39,.359,10,30,.333,4,9,.444,.487,1,2,.500,3,10,13,10,3,2,4,19,39,0,,harrijo01
469,Otto Porter Jr.,30,TOR,SF,15,1,174,14,33,.424,8,23,.348,6,10,.600,.545,3,3,1.000,6,23,29,8,5,5,2,19,39,0,,porteot01
470,Dru Smith,26,MIA,SG,9,0,131,15,33,.455,7,17,.412,8,16,.500,.561,2,2,1.000,6,8,14,14,9,3,5,12,39,0,,smithdr01
471,Marques Bolden,25,2TM,C,11,2,121,17,25,.680,0,1,.000,17,24,.708,.680,3,4,.750,10,24,34,4,3,7,3,10,37,0,,boldema01
471,Marques Bolden,25,MIL,C,2,0,3,0,0,,0,0,,0,0,,,0,0,,0,2,2,0,0,0,0,1,0,0,,boldema01
471,Marques Bolden,25,CHO,C,9,2,118,17,25,.680,0,1,.000,17,24,.708,.680,3,4,.750,10,22,32,4,3,7,3,9,37,0,,boldema01
472,Adama Sanogo,21,CHI,PF,9,0,66,14,27,.519,0,0,,14,27,.519,.519,8,12,.667,19,17,36,0,1,0,5,5,36,0,,sanogad01
473,Udoka Azubuike,24,PHO,C,16,0,113,16,23,.696,0,0,,16,23,.696,.696,3,13,.231,11,21,32,3,1,6,4,17,35,0,,azubuud01
474,Ibou Badji,21,POR,C,22,1,226,14,22,.636,0,0,,14,22,.636,.636,6,12,.500,20,31,51,13,3,20,15,46,34,0,,badjiib01
475,Buddy Boeheim,24,DET,SF,10,0,84,9,29,.310,8,25,.320,1,4,.250,.448,8,10,.800,3,7,10,3,0,1,0,5,34,0,,boehebu01
476,Jalen Hood-Schifino,20,LAL,SG,21,0,109,10,45,.222,2,15,.133,8,30,.267,.244,12,20,.600,2,11,13,8,3,2,9,13,34,0,,hoodsja01
477,Olivier Sarr,24,OKC,C,15,0,98,11,19,.579,2,6,.333,9,13,.692,.632,10,15,.667,10,26,36,2,0,7,3,18,34,0,,sarrol01
478,Gabe Vincent,27,LAL,PG,11,0,218,15,49,.306,3,28,.107,12,21,.571,.337,1,2,.500,4,5,9,21,9,0,5,19,34,0,,vincega01
479,Taj Gibson,38,2TM,PF,20,1,204,15,37,.405,2,10,.200,13,27,.481,.432,2,2,1.000,12,25,37,11,3,7,5,31,34,0,,gibsota01
479,Taj Gibson,38,NYK,PF,16,1,165,7,23,.304,0,6,.000,7,17,.412,.304,2,2,1.000,10,18,28,9,2,6,5,28,16,0,,gibsota01
479,Taj Gibson,38,DET,PF,4,0,39,8,14,.571,2,4,.500,6,10,.600,.643,0,0,,2,7,9,2,1,1,0,3,18,0,,gibsota01
480,Nate Hinton,24,HOU,SG,15,0,75,11,26,.423,7,14,.500,4,12,.333,.558,4,5,.800,7,15,22,10,3,2,3,11,33,0,,hintona01
481,Nathan Mensah,25,CHO,C,25,0,307,12,28,.429,0,0,,12,28,.429,.429,9,12,.750,29,36,65,9,6,14,14,64,33,0,,mensana01
482,Xavier Moon,29,LAC,SG,14,1,119,15,46,.326,2,17,.118,13,29,.448,.348,1,2,.500,8,10,18,21,3,3,5,8,33,0,,moonxa01
483,Thanasis Antetokounmpo,31,MIL,PF,34,0,155,16,30,.533,0,1,.000,16,29,.552,.533,0,2,.000,7,6,13,17,7,4,14,24,32,0,,antetth01
484,Matthew Hurt,23,MEM,PF,8,0,113,12,34,.353,5,20,.250,7,14,.500,.426,3,3,1.000,9,7,16,4,3,3,2,8,32,0,,hurtma01
485,Keon Johnson,21,BRK,SG,5,0,61,8,21,.381,4,10,.400,4,11,.364,.476,11,12,.917,3,4,7,3,3,1,5,5,31,0,,johnske07
486,Jerome Robinson,26,GSW,SG,22,0,81,11,33,.333,2,17,.118,9,16,.563,.364,7,11,.636,1,5,6,5,1,3,2,5,31,0,,robinje01
487,Moussa Diabaté,22,LAC,C,11,0,64,10,19,.526,0,0,,10,19,.526,.526,9,14,.643,15,9,24,4,5,1,2,4,29,0,,diabamo01
488,Jett Howard,20,ORL,SF,18,0,67,10,30,.333,7,25,.280,3,5,.600,.450,2,4,.500,1,6,7,6,2,2,3,4,29,0,,howarje01
489,Leonard Miller,20,MIN,SF,17,0,52,13,20,.650,2,5,.400,11,15,.733,.700,1,2,.500,5,15,20,8,2,1,1,5,29,0,,millele01
490,Daishen Nix,21,MIN,PG,15,0,50,9,24,.375,6,17,.353,3,7,.429,.500,3,6,.500,1,2,3,6,5,0,5,2,27,0,,nixda01
491,David Duke Jr.,24,SAS,SG,4,0,51,10,18,.556,3,6,.500,7,12,.583,.639,3,3,1.000,2,8,10,5,2,0,3,4,26,0,,dukeda01
492,Mouhamadou Gueye,25,TOR,PF,11,0,120,11,38,.289,0,3,.000,11,35,.314,.289,4,9,.444,12,11,23,5,3,18,12,15,26,0,,gueyemo01
493,Chris Livingston,20,MIL,SF,21,0,90,11,22,.500,1,5,.200,10,17,.588,.523,3,4,.750,3,18,21,5,2,0,5,15,26,0,,livinch01
494,Admiral Schofield,26,ORL,PF,23,0,84,10,26,.385,6,16,.375,4,10,.400,.500,0,2,.000,3,14,17,7,1,0,5,9,26,0,,schofad01
495,Oscar Tshiebwe,24,IND,PF,8,0,42,10,20,.500,0,0,,10,20,.500,.500,6,8,.750,8,8,16,2,2,1,0,3,26,0,,tshieos01
496,Colin Castleton,23,LAL,C,16,0,59,9,16,.563,0,0,,9,16,.563,.563,6,6,1.000,6,6,12,3,2,0,3,11,24,0,,castlco01
497,Mouhamed Gueye,21,ATL,PF,6,0,73,8,23,.348,3,9,.333,5,14,.357,.413,5,6,.833,10,12,22,4,5,4,1,13,24,0,,gueyemo02
498,Amari Bailey,19,CHO,PG,10,0,65,8,24,.333,1,8,.125,7,16,.438,.354,6,7,.857,6,3,9,7,3,0,4,2,23,0,,baileam01
499,RaiQuan Gray,24,SAS,PF,3,0,39,10,17,.588,3,7,.429,7,10,.700,.676,0,0,,2,5,7,6,1,1,1,0,23,0,,grayra01
500,Jay Huff,25,DEN,C,20,0,49,9,15,.600,3,9,.333,6,6,1.000,.700,2,2,1.000,2,9,11,2,2,3,1,9,23,0,,huffja01
501,Isaiah Mobley,24,CLE,PF,10,0,72,10,24,.417,3,10,.300,7,14,.500,.479,0,1,.000,3,7,10,6,2,0,2,6,23,0,,mobleis01
502,Ish Wainright,29,2TM,SF,11,0,62,7,24,.292,7,20,.350,0,4,.000,.438,2,2,1.000,3,11,14,1,4,1,2,8,23,0,,wainris01
502,Ish Wainright,29,POR,SF,7,0,46,6,18,.333,6,16,.375,0,2,.000,.500,2,2,1.000,0,9,9,0,2,1,1,4,20,0,,wainris01
502,Ish Wainright,29,PHO,SF,4,0,16,1,6,.167,1,4,.250,0,2,.000,.250,0,0,,3,2,5,1,2,0,1,4,3,0,,wainris01
503,Dexter Dennis,24,DAL,SG,4,0,30,10,19,.526,1,8,.125,9,11,.818,.553,1,3,.333,1,8,9,4,0,1,3,1,22,0,,dennide01
504,Braxton Key,26,DEN,SF,20,0,60,7,17,.412,2,5,.400,5,12,.417,.471,6,8,.750,3,15,18,9,2,1,1,5,22,0,,keybr01
505,Kendall Brown,20,IND,SG,15,0,63,8,15,.533,0,2,.000,8,13,.615,.533,5,8,.625,3,2,5,5,0,0,2,9,21,0,,brownke03
506,Jamaree Bouyea,24,2TM,PG,9,0,95,10,28,.357,1,9,.111,9,19,.474,.375,0,0,,3,16,19,11,1,0,9,10,21,0,,bouyeja01
506,Jamaree Bouyea,24,POR,PG,6,0,57,5,21,.238,0,8,.000,5,13,.385,.238,0,0,,2,8,10,8,0,0,8,3,10,0,,bouyeja01
506,Jamaree Bouyea,24,SAS,PG,3,0,38,5,7,.714,1,1,1.000,4,6,.667,.786,0,0,,1,8,9,3,1,0,1,7,11,0,,bouyeja01
507,Jermaine Samuels,25,HOU,SF,14,0,60,9,14,.643,0,2,.000,9,12,.750,.643,2,2,1.000,3,10,13,3,1,2,0,5,20,0,,samueje01
508,Kobi Simmons,26,TOR,PG,4,0,67,9,21,.429,2,8,.250,7,13,.538,.476,0,0,,1,6,7,12,6,2,1,5,20,0,,simmoko01
509,Hunter Tyson,23,DEN,PF,18,0,48,8,20,.400,4,14,.286,4,6,.667,.500,0,0,,1,8,9,2,1,0,2,10,20,0,,tysonhu01
510,Malik Williams,25,TOR,C,7,2,107,9,34,.265,1,5,.200,8,29,.276,.279,0,2,.000,15,23,38,2,3,4,3,15,19,0,,willima11
511,Robin Lopez,35,MIL,C,16,2,65,7,19,.368,2,8,.250,5,11,.455,.421,2,2,1.000,3,2,5,4,1,3,2,7,18,0,,lopezro01
512,Taze Moore,25,POR,SG,4,0,40,8,19,.421,1,7,.143,7,12,.583,.447,1,2,.500,4,4,8,5,2,0,3,4,18,0,,mooreta02
513,Wendell Moore Jr.,22,MIN,SG,25,0,75,9,18,.500,0,6,.000,9,12,.750,.500,0,0,,0,12,12,6,5,1,4,5,18,0,,moorewe01
514,Wenyen Gabriel,26,MEM,PF,5,0,81,8,22,.364,1,6,.167,7,16,.438,.386,0,5,.000,7,18,25,3,2,2,8,10,17,0,,gabriwe01
515,JD Davison,21,BOS,SG,8,0,39,5,12,.417,3,7,.429,2,5,.400,.542,3,4,.750,2,8,10,10,1,1,2,4,16,0,,davisjd01
516,Greg Brown III,22,DAL,PF,6,0,40,5,11,.455,1,3,.333,4,8,.500,.500,4,9,.444,3,6,9,4,0,4,4,5,15,0,,browngr01
517,Jordan Walsh,19,BOS,SF,9,1,83,6,15,.400,2,9,.222,4,6,.667,.467,1,2,.500,5,15,20,5,5,1,3,11,15,0,,walshjo01
518,Alex Fudge,20,2TM,SF,6,0,40,6,15,.400,1,5,.200,5,10,.500,.433,2,2,1.000,4,1,5,0,3,0,2,2,15,0,,fudgeal01
518,Alex Fudge,20,LAL,SF,4,0,14,1,6,.167,0,2,.000,1,4,.250,.167,2,2,1.000,2,0,2,0,0,0,1,1,4,0,,fudgeal01
518,Alex Fudge,20,DAL,SF,2,0,26,5,9,.556,1,3,.333,4,6,.667,.611,0,0,,2,1,3,0,3,0,1,1,11,0,,fudgeal01
519,D'Moi Hodge,25,LAL,SG,7,0,41,5,15,.333,3,12,.250,2,3,.667,.433,1,2,.500,0,0,0,5,1,1,1,4,14,0,,hodgedm01
520,DaQuan Jeffries,26,NYK,SG,17,0,46,6,17,.353,2,10,.200,4,7,.571,.412,0,2,.000,0,5,5,5,0,1,3,2,14,0,,jeffrda01
521,Seth Lundy,23,ATL,SF,9,0,52,4,17,.235,3,13,.231,1,4,.250,.324,3,4,.750,1,6,7,0,0,0,1,6,14,0,,lundyse01
522,Dereon Seabron,23,NOP,SG,6,0,55,4,13,.308,1,2,.500,3,11,.273,.346,5,6,.833,1,6,7,5,2,1,0,4,14,0,,seabrde01
523,TyTy Washington Jr.,22,MIL,PG,11,0,56,6,20,.300,2,6,.333,4,14,.286,.350,0,0,,1,4,5,5,3,0,2,1,14,0,,washity02
524,Timmy Allen,24,MEM,SF,5,0,125,6,23,.261,0,7,.000,6,16,.375,.261,1,2,.500,4,13,17,5,4,0,2,18,13,0,,allenti01
525,Jordan Miller,24,LAC,SF,8,0,28,5,9,.556,1,2,.500,4,7,.571,.611,2,2,1.000,3,2,5,0,0,0,1,2,13,0,,millejo02
526,Jacob Toppin,23,NYK,SF,9,0,38,5,9,.556,1,4,.250,4,5,.800,.611,2,2,1.000,3,4,7,3,0,1,1,3,13,0,,toppija01
527,Mamadi Diakite,27,2TM,PF,6,0,24,4,6,.667,0,1,.000,4,5,.800,.667,4,6,.667,1,3,4,2,1,1,1,2,12,0,,diakima01
527,Mamadi Diakite,27,SAS,PF,3,0,16,4,5,.800,0,0,,4,5,.800,.800,4,6,.667,1,2,3,2,0,1,0,1,12,0,,diakima01
527,Mamadi Diakite,27,NYK,PF,3,0,8,0,1,.000,0,1,.000,0,0,,.000,0,0,,0,1,1,0,1,0,1,1,0,0,,diakima01
528,Jordan Ford,25,SAC,PG,6,0,22,4,7,.571,2,3,.667,2,4,.500,.714,2,2,1.000,0,2,2,2,0,0,1,0,12,0,,fordjo01
529,Jason Preston,24,UTA,PG,7,0,71,6,19,.316,0,3,.000,6,16,.375,.316,0,0,,6,11,17,16,2,1,2,3,12,0,,prestja01
530,D.J. Carton,23,TOR,SG,4,0,36,3,8,.375,1,4,.250,2,4,.500,.438,4,5,.800,2,2,4,3,1,0,1,3,11,0,,cartodj01
531,Henri Drell,23,CHI,SF,4,0,30,4,10,.400,2,6,.333,2,4,.500,.500,1,2,.500,1,3,4,4,2,1,2,6,11,0,,drellhe01
532,Keyontae Johnson,23,OKC,SF,9,0,66,5,16,.313,1,3,.333,4,13,.308,.344,0,0,,4,6,10,4,1,0,4,5,11,0,,johnske08
533,Maxwell Lewis,21,LAL,SF,34,0,103,4,21,.190,1,9,.111,3,12,.250,.214,2,3,.667,2,2,4,6,2,1,10,5,11,0,,lewisma05
534,Drew Peterson,24,BOS,PF,3,0,23,4,6,.667,3,5,.600,1,1,1.000,.917,0,0,,0,1,1,1,2,0,1,1,11,0,,peterdr01
535,R.J. Hampton,22,MIA,PG,8,2,76,4,14,.286,1,8,.125,3,6,.500,.321,1,2,.500,2,4,6,8,0,0,3,8,10,0,,hamptrj01
536,D.J. Wilson,27,PHI,PF,2,0,15,4,6,.667,2,2,1.000,2,4,.500,.833,0,0,,1,1,2,2,0,2,0,1,10,0,,wilsodj01
537,James Johnson,36,IND,PF,9,0,47,3,10,.300,0,2,.000,3,8,.375,.300,2,2,1.000,1,3,4,8,5,1,5,9,8,0,,johnsja01
538,Jalen Slawson,24,SAC,SF,12,0,37,4,6,.667,0,2,.000,4,4,1.000,.667,0,0,,1,6,7,2,1,1,2,8,8,0,,slawsja01
539,Isaiah Thomas,34,PHO,PG,6,0,19,3,10,.300,2,4,.500,1,6,.167,.400,0,0,,0,0,0,3,0,0,0,0,8,0,,thomais02
540,Mason Jones,25,SAC,SG,5,0,28,2,8,.250,2,7,.286,0,1,.000,.375,1,2,.500,1,4,5,5,1,0,2,3,7,0,,jonesma05
541,Juan Toscano-Anderson,30,SAC,SF,11,0,53,3,12,.250,1,4,.250,2,8,.250,.292,0,0,,4,10,14,4,1,1,2,11,7,0,,toscaju01
542,Charlie Brown Jr.,26,NYK,SG,8,0,37,2,10,.200,2,7,.286,0,3,.000,.300,0,0,,1,1,2,0,0,2,2,5,6,0,,brownch02
543,Jack White,26,MEM,SF,4,0,64,2,16,.125,2,10,.200,0,6,.000,.188,0,0,,4,8,12,1,4,1,2,3,6,0,,whiteja03
544,Lindell Wigginton,25,MIL,PG,3,0,8,2,5,.400,0,2,.000,2,3,.667,.400,2,2,1.000,0,0,0,0,0,0,1,1,6,0,,wiggili01
545,Frank Ntilikina,25,CHO,PG,5,0,43,1,9,.111,1,8,.125,0,1,.000,.167,2,2,1.000,1,5,6,4,0,0,1,4,5,0,,ntilila01
546,Alondes Williams,24,MIA,SG,7,0,16,2,8,.250,0,4,.000,2,4,.500,.250,1,1,1.000,0,1,1,0,0,1,2,2,5,0,,willial06
547,Izaiah Brockington,24,NOP,PG,1,0,3,2,5,.400,0,1,.000,2,4,.500,.400,0,0,,1,1,2,0,0,0,0,0,4,0,,brockiz01
548,Kevon Harris,26,ORL,SG,2,0,6,2,3,.667,0,0,,2,3,.667,.667,0,0,,0,2,2,1,0,0,1,3,4,0,,harrike01
549,Ty Jerome,26,CLE,SG,2,0,15,2,4,.500,0,1,.000,2,3,.667,.500,0,0,,1,0,1,3,0,0,1,2,4,0,,jeromty01
550,E.J. Liddell,23,NOP,PF,8,0,23,1,6,.167,0,5,.000,1,1,1.000,.167,2,2,1.000,0,5,5,1,2,2,2,2,4,0,,liddeej01
551,Pat Spencer,27,GSW,PG,6,0,26,2,4,.500,0,2,.000,2,2,1.000,.500,0,0,,2,2,4,5,0,0,1,1,4,0,,spencpa01
552,Adam Flagler,24,OKC,SG,2,0,14,1,7,.143,1,6,.167,0,1,.000,.214,0,0,,0,0,0,4,0,0,0,0,3,0,,flaglad01
553,Usman Garuba,21,GSW,PF,6,0,18,1,6,.167,0,1,.000,1,5,.200,.167,1,2,.500,3,4,7,1,1,3,2,2,3,0,,garubus01
554,Dariq Whitehead,19,BRK,SF,2,0,24,1,5,.200,0,3,.000,1,2,.500,.200,1,2,.500,0,4,4,3,0,1,0,0,3,0,,whiteda01
555,Pete Nance,23,CLE,PF,8,0,27,1,6,.167,1,1,1.000,0,5,.000,.250,0,2,.000,0,3,3,0,1,0,1,2,3,0,,nancepe01
556,Filip Petrušev,23,2TM,C,3,0,10,1,2,.500,0,0,,1,2,.500,.500,1,2,.500,0,1,1,0,0,0,0,1,3,0,,petrufi01
556,Filip Petrušev,23,PHI,C,1,0,3,0,0,,0,0,,0,0,,,0,0,,0,1,1,0,0,0,0,0,0,0,,petrufi01
556,Filip Petrušev,23,SAC,C,2,0,7,1,2,.500,0,0,,1,2,.500,.500,1,2,.500,0,0,0,0,0,0,0,1,3,0,,petrufi01
557,Hamidou Diallo,25,WAS,SG,2,0,5,1,2,.500,0,0,,1,2,.500,.500,0,0,,2,0,2,1,2,0,1,1,2,0,,diallha01
558,Shaquille Harrison,30,MEM,SG,3,0,6,1,2,.500,0,0,,1,2,.500,.500,0,0,,0,2,2,0,0,1,0,0,2,0,,harrish01
559,Quenton Jackson,25,IND,PG,3,0,11,0,1,.000,0,0,,0,1,.000,.000,2,2,1.000,0,4,4,2,1,0,0,1,2,0,,jacksqu01
560,Markquis Nowell,24,TOR,SG,1,0,4,0,1,.000,0,0,,0,1,.000,.000,2,2,1.000,2,0,2,2,1,0,0,0,2,0,,nowelma01
561,Joshua Primo,21,LAC,SG,2,0,10,1,3,.333,0,1,.000,1,2,.500,.333,0,0,,1,0,1,0,0,1,4,0,2,0,,primojo01
562,Isaiah Wong,23,IND,SG,1,0,4,1,3,.333,0,1,.000,1,2,.500,.333,0,0,,0,0,0,0,0,0,0,0,2,0,,wongis01
563,Ryan Arcidiacono,29,NYK,PG,20,0,45,0,6,.000,0,6,.000,0,0,,.000,0,0,,0,8,8,4,2,0,2,5,0,0,,arcidry01
564,Malcolm Cazalon,22,DET,SG,1,0,3,0,0,,0,0,,0,0,,,0,0,,0,0,0,0,0,0,0,0,0,0,,cazalma01
565,Jalen Crutcher,24,NOP,PG,1,0,3,0,1,.000,0,0,,0,1,.000,.000,0,0,,0,0,0,0,0,0,0,0,0,0,,crutcja01
566,Andrew Funk,24,CHI,SG,5,0,13,0,4,.000,0,3,.000,0,1,.000,.000,0,0,,0,0,0,0,1,1,0,0,0,0,,funkan01
567,Kaiser Gates,27,NOP,SF,1,0,7,0,4,.000,0,2,.000,0,2,.000,.000,0,0,,0,1,1,0,0,0,0,0,0,0,,gateska01
568,Danny Green,36,PHI,SG,2,0,18,0,2,.000,0,1,.000,0,1,.000,.000,0,0,,0,2,2,1,1,0,0,1,0,0,,greenda02
569,Ron Harper Jr.,23,TOR,PF,1,0,4,0,0,,0,0,,0,0,,,0,0,,0,0,0,1,0,0,0,2,0,0,,harpero02
570,Justin Jackson,28,MIN,SF,2,0,1,0,0,,0,0,,0,0,,,0,0,,0,0,0,0,0,0,0,0,0,0,,jacksju01
571,Dmytro Skapintsev,25,NYK,C,2,0,2,0,1,.000,0,0,,0,1,.000,.000,0,0,,0,0,0,0,0,0,0,0,0,0,,skapidm01
572,Javonte Smart,24,PHI,PG,1,0,1,0,0,,0,0,,0,0,,,0,0,,0,0,0,0,0,0,0,0,0,0,,smartja01
,League Average,,,,,,,,,.474,,,.366,,,.545,.547,,,.784,,,,,,,,,,,,-9999